date,open,high,low,close,volume,vwap,Returns
09/01/2013 18:18:59,1640.25,1642,1639,1641.25,21722,1640.667273,-0.000304739
09/01/2013 21:42:07,1641.25,1643.5,1639.75,1640.75,21713,1641.829768,0.002280328
09/02/2013 2:05:25,1640.75,1644.5,1640.5,1644.5,21645,1643.150681,0.000455858
09/02/2013 3:02:09,1644.5,1646,1642.75,1645.25,21722,1644.5572,0.00015193
09/02/2013 4:32:44,1645.25,1647.25,1644.25,1645.5,21654,1646.012284,0.00151699
09/02/2013 6:40:20,1645.5,1648,1645.25,1648,21574,1646.64266,-0.000759071
09/02/2013 8:06:35,1648,1648.5,1646,1646.75,21706,1647.491131,0.000455235
09/02/2013 9:47:12,1646.75,1647.75,1645.25,1647.5,21652,1646.371779,-0.0009113
09/02/2013 18:20:51,1647.5,1648.5,1645.25,1646,21637,1647.416151,0.001062054
09/02/2013 23:27:39,1646,1648.25,1645.25,1647.75,21640,1647.046488,-0.000455373
09/03/2013 2:11:45,1647.75,1649,1646.25,1647,21632,1647.825132,0.000606796
09/03/2013 3:06:40,1647,1648.5,1646.5,1648,21636,1647.547525,-0.002585551
09/03/2013 3:54:26,1648,1648.5,1643.5,1643.75,21648,1646.490022,-0.000304275
09/03/2013 4:00:01,1643.75,1644.5,1642.5,1643.25,21681,1643.311909,0.000304183
09/03/2013 4:09:58,1643.25,1646.75,1642.25,1643.75,21662,1644.300849,0.000152068
09/03/2013 4:48:46,1643.75,1645.5,1642.25,1644,21707,1643.97958,0.000759763
09/03/2013 6:05:34,1644,1647,1642.75,1645.25,21664,1645.278284,-0.000760341
09/03/2013 6:53:54,1645.25,1647,1642.5,1644,21516,1644.509807,0.001063345
09/03/2013 7:37:18,1644,1646.25,1643.5,1645.75,21827,1644.697725,0.000151883
09/03/2013 8:16:15,1645.75,1647,1645.5,1646,21656,1646.230283,0.000607165
09/03/2013 8:30:05,1646,1647,1645.5,1647,21524,1646.275797,0.00106141
09/03/2013 8:31:19,1647,1648.75,1646.25,1648.75,21758,1647.639317,-0.000606888
09/03/2013 8:32:05,1648.75,1649.25,1647.75,1647.75,21613,1648.454102,0.000758035
09/03/2013 8:33:54,1647.75,1649,1647.5,1649,21635,1648.51174,0.000303122
09/03/2013 8:35:18,1649,1649.5,1647.75,1649.5,21616,1648.689512,-0.00045489
09/03/2013 8:37:17,1649.5,1650,1648.5,1648.75,21613,1649.286263,0.000454683
09/03/2013 8:40:20,1648.75,1649.75,1648.25,1649.5,21621,1648.831842,-0.00075838
09/03/2013 8:43:13,1649.5,1649.75,1647.5,1648.25,21609,1648.409702,-0.000607072
09/03/2013 8:47:08,1648.25,1648.5,1647.25,1647.25,21640,1647.781989,0.000151745
09/03/2013 8:51:22,1647.25,1648,1646.75,1647.5,21643,1647.371956,0
09/03/2013 8:55:37,1647.5,1647.75,1646.25,1647.5,21644,1646.877691,-0.001063345
09/03/2013 9:01:00,1647.5,1648,1645.5,1645.75,21642,1646.934098,-0.000303905
09/03/2013 9:02:50,1645.75,1646.25,1644.25,1645.25,21663,1645.292561,0.001214145
09/03/2013 9:06:22,1645.25,1647.25,1645,1647.25,21580,1646.273089,0
09/03/2013 9:10:25,1647.25,1647.5,1645.5,1647.25,21720,1646.614537,0.000606704
09/03/2013 9:13:22,1647.25,1648.75,1647,1648.25,21629,1647.803551,-0.001519064
09/03/2013 9:17:18,1648.25,1648.5,1645.5,1645.75,21644,1647.059428,-0.000760109
09/03/2013 9:21:27,1645.75,1646.25,1644,1644.5,21664,1645.198567,0.000303951
09/03/2013 9:26:00,1644.5,1645.25,1643.75,1645,21655,1644.496583,0
09/03/2013 9:30:32,1645,1645.75,1644.5,1645,21688,1645.123179,0.000607533
09/03/2013 9:37:01,1645,1646.5,1644.75,1646,21533,1645.882622,0.000455443
09/03/2013 9:44:58,1646,1647,1645.75,1646.75,21719,1646.393262,-0.000151837
09/03/2013 9:50:20,1646.75,1647.75,1646.5,1646.5,21685,1647.108658,-0.001063991
09/03/2013 9:57:08,1646.5,1646.5,1644.75,1644.75,21643,1645.764959,0.000455789
09/03/2013 10:01:36,1644.75,1646,1644.5,1645.5,21691,1645.205811,0.000455581
09/03/2013 10:11:50,1645.5,1646.5,1644.75,1646.25,21659,1645.657394,-0.000911993
09/03/2013 10:18:05,1646.25,1646.75,1644,1644.75,21634,1645.380963,-0.001065125
09/03/2013 10:20:24,1644.75,1645.25,1642.5,1643,21672,1643.595088,-0.000761383
09/03/2013 10:23:03,1643,1643.25,1641.5,1641.75,21745,1642.431685,-0.000761963
09/03/2013 10:24:27,1641.75,1642,1640,1640.5,21724,1640.810555,0.000152369
09/03/2013 10:27:07,1640.5,1641.5,1640.25,1640.75,21723,1640.845095,-0.001067724
09/03/2013 10:28:21,1640.75,1640.75,1638.5,1639,21743,1639.443706,-0.000916031
09/03/2013 10:30:18,1639,1639.5,1637.25,1637.5,21749,1638.428353,0.000915192
09/03/2013 10:32:31,1637.5,1639.5,1637.25,1639,21760,1638.521588,-0.000305157
09/03/2013 10:35:57,1639,1639.5,1638.25,1638.5,21722,1638.919022,0.000152555
09/03/2013 10:40:05,1638.5,1639.25,1637.5,1638.75,21781,1638.41263,-0.000610594
09/03/2013 10:45:22,1638.75,1640,1637.5,1637.75,21747,1638.916805,-0.000152672
09/03/2013 10:48:39,1637.75,1638.5,1636.25,1637.5,21772,1637.126229,0.001067561
09/03/2013 10:53:38,1637.5,1639.25,1637.5,1639.25,21747,1638.201522,-0.001068702
09/03/2013 11:00:39,1639.25,1639.25,1637.25,1637.5,21206,1637.967769,0.000762777
09/03/2013 11:06:31,1637.5,1638.75,1637.25,1638.75,22332,1637.894356,-0.000457875
09/03/2013 11:14:39,1638.75,1639.5,1638,1638,21736,1638.971464,-0.000763709
09/03/2013 11:21:21,1638,1638.25,1636.25,1636.75,21767,1637.193665,0.000152718
09/03/2013 11:29:14,1636.75,1638.25,1636.25,1637,21779,1637.535975,-0.000152742
09/03/2013 11:36:38,1637,1638.25,1636.5,1636.75,21660,1637.50756,-0.000152765
09/03/2013 11:43:22,1636.75,1637.75,1635.5,1636.5,21879,1636.593057,-0.001223616
09/03/2013 11:47:22,1636.5,1636.5,1634.25,1634.5,21671,1635.404838,0
09/03/2013 11:51:14,1634.5,1635,1633.75,1634.5,21945,1634.478275,-0.000459067
09/03/2013 11:59:53,1634.5,1635.25,1633.25,1633.75,21797,1634.530979,-0.000612464
09/03/2013 12:04:45,1633.75,1634,1632.5,1632.75,21695,1633.059772,0.000917852
09/03/2013 12:10:12,1632.75,1634.5,1632,1634.25,21966,1633.016548,0
09/03/2013 12:16:31,1634.25,1635.5,1634,1634.25,21806,1634.784085,-0.000918695
09/03/2013 12:22:21,1634.25,1634.5,1632.25,1632.75,21824,1633.257286,0.000764994
09/03/2013 12:32:28,1632.75,1635,1632.75,1634,21811,1633.989386,-0.000153022
09/03/2013 12:45:52,1634,1635.5,1633.75,1633.75,21808,1634.720813,-0.000765697
09/03/2013 12:50:47,1633.75,1633.75,1631.5,1632.5,21809,1632.689922,0
09/03/2013 12:58:38,1632.5,1633.75,1632.25,1632.5,21839,1633.075931,0.000612182
09/03/2013 13:06:51,1632.5,1634.25,1631.5,1633.5,21836,1633.103659,0.000764643
09/03/2013 13:14:08,1633.5,1635.5,1633,1634.75,21807,1634.501651,-0.001685049
09/03/2013 13:22:38,1634.75,1635.25,1632,1632,21804,1634.087438,-0.000306466
09/03/2013 13:28:45,1632,1633.25,1631.5,1631.5,21822,1632.544886,0.001682729
09/03/2013 13:32:44,1631.5,1634.5,1631.25,1634.25,21842,1633.331117,-0.000306044
09/03/2013 13:39:13,1634.25,1634.75,1632.5,1633.75,21701,1633.560331,-0.001225678
09/03/2013 13:46:36,1633.75,1634,1631.5,1631.75,21945,1632.779722,0
09/03/2013 13:51:56,1631.75,1633.75,1630.75,1631.75,21833,1632.264233,0.001376989
09/03/2013 13:56:19,1631.75,1634.75,1631.5,1634,21831,1633.499725,0.000305904
09/03/2013 14:03:17,1634,1635.25,1633.75,1634.5,21804,1634.648081,0.00122212
09/03/2013 14:05:52,1634.5,1637,1634.5,1636.5,21766,1636.014863,0.000915751
09/03/2013 14:08:15,1636.75,1638.25,1636.5,1638,21792,1637.194452,-0.000458085
09/03/2013 14:11:11,1638,1638.5,1637.25,1637.25,21759,1638.030746,0.000762893
09/03/2013 14:16:37,1637.25,1639,1637.25,1638.5,21753,1638.148313,-0.000610687
09/03/2013 14:23:14,1638.5,1638.5,1637,1637.5,21773,1637.798179,0.00030525
09/03/2013 14:30:27,1637.5,1638,1636.5,1638,21777,1636.838752,-0.000458085
09/03/2013 14:37:30,1637.75,1638.25,1636.75,1637.25,21766,1637.624828,0.000610407
09/03/2013 14:42:46,1637.25,1638.5,1637,1638.25,21633,1637.872406,0.000305111
09/03/2013 14:46:36,1638.25,1639.5,1638,1638.75,21873,1638.705173,-0.001680929
09/03/2013 14:48:59,1638.75,1639,1635.75,1636,21779,1637.154851,0.000152788
09/03/2013 14:53:33,1636,1636.75,1635,1636.25,21774,1635.905162,0
09/03/2013 14:57:08,1636.25,1637.25,1636,1636.25,21789,1636.435518,0
09/03/2013 14:59:33,1636.25,1636.75,1635.5,1636.25,21780,1636.286123,0.000915891
09/03/2013 15:00:00,1636,1638,1636,1637.75,21783,1637.209039,0
09/03/2013 15:00:33,1637.75,1638,1637,1637.75,21714,1637.509522,0.000305204
09/03/2013 15:02:45,1637.75,1638.75,1637,1638.25,21815,1637.913477,0.000457596
09/03/2013 15:09:10,1638.25,1639,1637.5,1639,21737,1638.053342,0.000609756
09/03/2013 15:14:52,1639,1640,1637.5,1640,21712,1638.467702,-0.001526718
09/03/2013 18:59:03,1640,1640,1636,1637.5,21826,1638.099113,0.002588701
09/04/2013 0:44:14,1637.5,1642.25,1637,1641.75,21742,1639.464401,-0.002901649
09/04/2013 2:21:28,1641.75,1642.25,1636.75,1637,21739,1639.63263,0
09/04/2013 3:33:05,1637,1639.25,1636.5,1637,21757,1637.710564,0.000305344
09/04/2013 4:48:16,1637,1639.25,1636,1637.5,21771,1637.615268,0.000915192
09/04/2013 6:05:40,1637.5,1639.25,1636.25,1639,21755,1637.779487,-0.000916031
09/04/2013 7:24:11,1639,1640,1637,1637.5,21768,1638.30121,-0.00091687
09/04/2013 7:49:08,1637.5,1638,1635,1636,21781,1636.434346,0.001221001
09/04/2013 8:22:03,1636,1638.5,1635.5,1638,21769,1637.293893,0.000152602
09/04/2013 8:31:13,1638,1638.75,1637.25,1638.25,21764,1637.932101,-0.000152625
09/04/2013 8:34:31,1638.25,1639.5,1638,1638,21740,1638.906877,-0.001222494
09/04/2013 8:36:39,1638,1638.25,1635.25,1636,21783,1636.604887,0.000610874
09/04/2013 8:40:07,1636,1637.25,1635.75,1637,21782,1636.586333,0.001372579
09/04/2013 8:42:39,1637,1640,1637,1639.25,21748,1638.736895,0.001066423
09/04/2013 8:45:35,1639.25,1641.25,1638.75,1641,21740,1640.01917,0
09/04/2013 8:48:51,1641,1641.75,1640.5,1641,21716,1641.194615,0.000913242
09/04/2013 8:51:49,1641,1643,1640.75,1642.5,21705,1642.142456,0.000456413
09/04/2013 8:55:38,1642.5,1643.75,1642.25,1643.25,21688,1643.074523,0.00060818
09/04/2013 9:01:06,1643.25,1644.25,1642.25,1644.25,21695,1643.165983,0
09/04/2013 9:06:32,1644,1644.75,1643.75,1644.25,21651,1644.144,0.00060781
09/04/2013 9:08:42,1644.25,1645.5,1644.25,1645.25,21687,1644.909589,0.000607441
09/04/2013 9:12:09,1645.25,1646.25,1644.5,1646.25,21669,1645.389243,0.000151837
09/04/2013 9:15:50,1646.25,1646.75,1645.5,1646.5,21600,1646.004213,-0.00015186
09/04/2013 9:20:50,1646.5,1646.75,1645.5,1646.25,21663,1646.045019,0.000151837
09/04/2013 9:28:07,1646.25,1647,1645.5,1646.5,21664,1646.245315,0
09/04/2013 9:34:22,1646.5,1647.25,1645.75,1646.5,21637,1646.393747,0.000455304
09/04/2013 9:40:08,1646.5,1647.75,1645.75,1647.25,21695,1646.718668,-0.000455512
09/04/2013 9:46:29,1647.25,1647.5,1646.25,1646.5,21654,1646.759894,0.00075861
09/04/2013 9:52:25,1646.5,1648,1646.5,1647.75,21629,1647.05651,-0.000151745
09/04/2013 9:58:41,1647.75,1648,1646.75,1647.5,21651,1647.292515,0.000606612
09/04/2013 10:03:12,1647.5,1648.5,1647,1648.5,21632,1647.581685,0.000303214
09/04/2013 10:05:01,1648.5,1649.25,1648.5,1649,21619,1648.867004,0.000454614
09/04/2013 10:10:13,1649,1649.75,1648.75,1649.75,21612,1649.273147,-0.00060652
09/04/2013 10:17:06,1649.75,1649.75,1648.5,1648.75,21591,1649.076386,0
09/04/2013 10:24:04,1648.75,1649,1648,1648.75,21642,1648.595566,0.000303168
09/04/2013 10:32:41,1648.75,1649.75,1648.25,1649.25,21617,1649.013855,0.000151561
09/04/2013 10:39:47,1649.25,1650,1648.75,1649.5,21613,1649.335215,0.00090854
09/04/2013 10:41:16,1649.5,1651,1649.5,1651,21531,1650.4306,0.000302755
09/04/2013 10:45:50,1651,1651.75,1650.5,1651.5,21604,1651.145702,0.000302663
09/04/2013 10:51:03,1651.5,1652,1651,1652,21559,1651.387263,0.000302572
09/04/2013 10:54:29,1652,1652.75,1652,1652.5,21616,1652.364869,0.000151263
09/04/2013 10:57:48,1652.5,1653.5,1652.5,1652.75,21591,1652.88142,0
09/04/2013 11:06:04,1652.75,1653.25,1652.5,1652.75,21570,1652.86093,0.00015124
09/04/2013 11:12:17,1652.75,1653.5,1652.25,1653,21558,1653.035393,-0.000453926
09/04/2013 11:19:18,1653,1653.75,1652,1652.25,21542,1652.71544,0.000151286
09/04/2013 11:33:12,1652.25,1653,1652,1652.5,21587,1652.396465,-0.000151309
09/04/2013 11:48:41,1652.5,1653.5,1652.25,1652.25,21581,1652.718062,0.000151286
09/04/2013 11:56:50,1652.25,1653,1652,1652.5,21569,1652.448746,0
09/04/2013 12:12:26,1652.5,1653,1652,1652.5,21564,1652.474495,0.000906892
09/04/2013 12:19:41,1652.5,1654.25,1652.25,1654,21566,1653.412037,0
09/04/2013 12:28:52,1654,1654.75,1653.75,1654,21548,1654.161987,0
09/04/2013 12:36:16,1654,1654.25,1653.25,1654,21546,1653.686833,-0.000907716
09/04/2013 12:49:53,1654,1654.25,1652.5,1652.5,21539,1653.404824,-0.000302663
09/04/2013 12:59:45,1652.5,1653,1651.25,1652,21604,1652.015888,-0.000151355
09/04/2013 13:08:34,1652,1653.25,1651.5,1651.75,21538,1652.292309,0.000151332
09/04/2013 13:20:21,1651.75,1652.25,1651,1652,21610,1651.547837,-0.000302755
09/04/2013 13:32:52,1652,1652.25,1650.75,1651.5,21585,1651.800069,0.000453926
09/04/2013 13:45:28,1651.5,1652.5,1651.25,1652.25,21580,1651.700602,0.000453721
09/04/2013 14:00:12,1652.25,1653.5,1651.5,1653,21564,1652.49869,0.000151217
09/04/2013 14:16:44,1653,1653.5,1652,1653.25,21568,1652.890926,-0.001059643
09/04/2013 14:24:22,1653.25,1654.25,1651.5,1651.5,21515,1653.350593,-0.000454339
09/04/2013 14:25:10,1651.5,1651.5,1650,1650.75,21635,1650.848255,0.000756659
09/04/2013 14:28:19,1650.75,1652.75,1650.5,1652,21585,1651.646618,-0.001060445
09/04/2013 14:32:32,1652,1652.5,1650.25,1650.25,21585,1651.400973,0
09/04/2013 14:37:41,1650.25,1651.25,1649.5,1650.25,21593,1650.407864,0.00045427
09/04/2013 14:44:21,1650.25,1651.25,1649.5,1651,21598,1650.265661,0.000605327
09/04/2013 14:49:18,1651,1652.75,1651,1652,21575,1651.891425,-0.000605694
09/04/2013 14:55:08,1652,1652.25,1650.75,1651,21586,1651.514118,-0.000151446
09/04/2013 14:57:49,1651,1651.25,1649.5,1650.75,21602,1650.281814,0.000454133
09/04/2013 14:59:56,1650.75,1652,1650.5,1651.5,21551,1651.200988,0.000302663
09/04/2013 15:00:01,1651.5,1652.25,1651.5,1652,21601,1651.728242,0.000151309
09/04/2013 15:00:55,1652,1652.5,1651.25,1652.25,21593,1651.96353,0.000453721
09/04/2013 15:06:12,1652.25,1653,1652,1653,21535,1652.522626,0.000151217
09/04/2013 15:14:34,1653,1654,1652.75,1653.25,21345,1653.344929,0.000906481
09/04/2013 18:59:21,1653,1655.25,1652.75,1654.75,21795,1654.152845,-0.000604686
09/05/2013 1:22:12,1654.75,1655.75,1653,1653.75,21551,1654.099717,0.001358696
09/05/2013 2:47:35,1653.75,1656,1652,1656,21545,1654.054491,-0.001360544
09/05/2013 3:44:18,1656,1656.5,1653.5,1653.75,21537,1654.819369,-0.00075643
09/05/2013 4:14:26,1653.75,1654.25,1651,1652.5,21577,1652.346411,0.00030248
09/05/2013 5:25:35,1652.5,1653.25,1650.5,1653,21581,1651.739018,-0.000453926
09/05/2013 6:33:22,1653,1654.5,1652,1652.25,21560,1653.360285,0.001058041
09/05/2013 7:33:55,1652.25,1654.5,1652.25,1654,21558,1653.384637,-0.000302389
09/05/2013 7:52:32,1654,1656,1653.5,1653.5,21536,1654.930361,0.000151172
09/05/2013 8:15:03,1653.5,1654.75,1652.25,1653.75,21559,1653.5332,-0.00075643
09/05/2013 8:30:01,1653.75,1654.5,1652,1652.5,21554,1652.991707,0
09/05/2013 8:31:48,1652.75,1652.75,1651.25,1652.5,21576,1651.988969,0.001057881
09/05/2013 8:34:56,1652.5,1654.75,1651.75,1654.25,21568,1653.428598,0.000453172
09/05/2013 8:37:18,1654.25,1655.75,1654.25,1655,21499,1655.010989,0.000302024
09/05/2013 8:41:36,1655,1656.25,1654.75,1655.5,21235,1655.638356,0.001055966
09/05/2013 8:45:27,1655.5,1657.5,1654.75,1657.25,21855,1656.042999,0.000301614
09/05/2013 8:47:59,1657.25,1658,1657,1657.75,21498,1657.503954,-0.000452625
09/05/2013 8:52:48,1657.75,1658.25,1656.5,1657,21513,1657.329952,0.000150852
09/05/2013 8:58:39,1657,1657.75,1656.5,1657.25,21510,1657.163529,-0.000301796
09/05/2013 9:03:46,1657.25,1658,1656.5,1656.75,21506,1657.271238,0.000150875
09/05/2013 9:08:31,1656.75,1657,1655.25,1657,21525,1656.092253,0.000150852
09/05/2013 9:15:20,1657,1657.25,1656,1657.25,21516,1656.657011,-0.000603774
09/05/2013 9:24:11,1657.25,1657.75,1655.75,1656.25,21512,1656.90919,-0.000150966
09/05/2013 9:31:55,1656.25,1657.25,1655.75,1656,21504,1656.61592,-0.00196642
09/05/2013 9:34:16,1656,1656,1652.75,1652.75,21544,1654.41544,0.000755744
09/05/2013 9:38:43,1652.75,1654.5,1652.75,1654,21469,1653.769982,0.000453241
09/05/2013 9:43:31,1654,1654.75,1653.5,1654.75,21643,1654.23518,-0.000302252
09/05/2013 9:49:34,1654.75,1655,1652.75,1654.25,21554,1653.912824,0.000755059
09/05/2013 9:55:08,1654.25,1655.75,1653.5,1655.5,21538,1654.957633,-0.001512402
09/05/2013 9:59:58,1655.5,1655.5,1652.5,1653,21549,1654.048309,0.000604595
09/05/2013 10:04:55,1653,1654.5,1652.75,1654,21552,1653.577615,0.000302206
09/05/2013 10:11:42,1654,1655,1652.75,1654.5,21554,1653.894277,0
09/05/2013 10:19:28,1654.5,1654.75,1654,1654.5,21535,1654.436278,-0.000151126
09/05/2013 10:26:43,1654.5,1654.5,1653,1654.25,21566,1653.688039,0.00030216
09/05/2013 10:34:16,1654.25,1655,1653.75,1654.75,21545,1654.399165,0.000302069
09/05/2013 10:42:08,1654.75,1656.25,1654.75,1655.25,21520,1655.365462,0.000301978
09/05/2013 10:54:22,1655.25,1656,1654.75,1655.75,21545,1655.322685,-0.000604321
09/05/2013 11:07:43,1655.75,1656,1654.75,1654.75,21532,1655.476593,-0.000302252
09/05/2013 11:17:47,1654.75,1655.25,1654,1654.25,21543,1654.614028,-0.000302343
09/05/2013 11:32:44,1654.25,1655.25,1653.75,1653.75,21544,1654.266443,0.000453309
09/05/2013 11:52:24,1653.75,1655,1653.75,1654.5,21538,1654.328153,-0.000151126
09/05/2013 12:08:20,1654.5,1655,1654,1654.25,21521,1654.543283,0.00030216
09/05/2013 12:21:44,1654.25,1654.75,1653.25,1654.75,21584,1653.946094,0.000453035
09/05/2013 12:43:23,1654.75,1655.5,1654.25,1655.5,21524,1654.870284,-0.000906892
09/05/2013 12:55:35,1655.5,1656.25,1653.75,1654,21544,1655.340861,0.000453241
09/05/2013 13:05:54,1654,1654.75,1653.5,1654.75,21550,1654.197981,0.000151057
09/05/2013 13:28:53,1654.75,1655.5,1654.25,1655,21533,1654.848523,0.000151035
09/05/2013 13:45:47,1655,1655.75,1654.5,1655.25,21526,1655.128449,0.000452899
09/05/2013 13:56:04,1655.25,1656.75,1654.5,1656,21537,1655.706493,-0.00060423
09/05/2013 14:10:51,1656,1656.25,1654.75,1655,21533,1655.546823,-0.00015108
09/05/2013 14:29:07,1655,1655.5,1654,1654.75,21544,1654.784987,-0.000302252
09/05/2013 14:38:45,1654.75,1655,1653.25,1654.25,21552,1653.827568,-0.000302343
09/05/2013 14:51:03,1654,1654.75,1653,1653.75,21552,1653.672084,-0.000151194
09/05/2013 14:58:00,1653.75,1654,1653,1653.5,21563,1653.398124,-0.00030248
09/05/2013 14:59:59,1653.75,1653.75,1652.75,1653,21549,1653.230974,0
09/05/2013 15:00:26,1653,1653.25,1652.5,1653,21570,1652.886926,0.000151217
09/05/2013 15:06:18,1653,1653.25,1652.5,1653.25,21572,1652.830023,-0.000302526
09/05/2013 15:40:48,1653.25,1653.5,1652.5,1652.75,21558,1652.925411,-0.002274106
09/05/2013 20:26:02,1652.75,1654,1648.5,1649,21592,1651.080458,0.001967015
09/06/2013 1:14:09,1649.25,1652.75,1649,1652.25,21587,1651.23359,0.000755972
09/06/2013 2:39:27,1652.25,1655.75,1652,1653.5,21534,1654.208287,-0.00030248
09/06/2013 3:54:07,1653.5,1654.25,1652,1653,21577,1652.935441,0
09/06/2013 5:43:46,1653,1654,1652,1653,21563,1653.060961,0.001660879
09/06/2013 6:43:11,1653,1656,1652.75,1655.75,21548,1654.393262,0.001357057
09/06/2013 7:08:18,1655.75,1658,1655,1658,21518,1656.461021,0.000753352
09/06/2013 7:25:33,1658,1659.5,1658,1659.25,21487,1658.736783,-0.001055807
09/06/2013 7:30:56,1659.25,1659.75,1656.25,1657.5,21499,1658.060352,0.002557545
09/06/2013 7:32:21,1657.5,1662.25,1657.25,1661.75,21470,1660.290079,0.000150421
09/06/2013 7:33:45,1661.75,1663.5,1660.75,1662,21432,1662.164625,-0.000150444
09/06/2013 7:36:25,1662,1662.25,1659.5,1661.75,21469,1660.934673,-0.000752785
09/06/2013 7:42:30,1661.75,1662,1658.25,1660.5,21479,1659.760371,0.000301023
09/06/2013 7:51:33,1660.5,1661.5,1658.75,1661,21461,1660.359944,0.000902256
09/06/2013 7:58:11,1661,1662.75,1660.5,1662.5,21435,1661.948006,-0.001506024
09/06/2013 8:14:01,1662.5,1662.75,1659.75,1660,21475,1661.272247,-0.000301296
09/06/2013 8:28:40,1660,1660.75,1659,1659.5,21472,1659.969728,0.000451739
09/06/2013 8:31:52,1659.5,1660.5,1658.5,1660.25,21483,1659.292219,-0.000904295
09/06/2013 8:34:22,1660.25,1660.5,1657.75,1658.75,21480,1658.605028,0.000753012
09/06/2013 8:37:00,1658.75,1661,1658.25,1660,21481,1659.95439,-0.001357261
09/06/2013 8:39:13,1660,1660,1657.75,1657.75,21489,1658.680569,-0.001056763
09/06/2013 8:40:16,1657.75,1658,1656,1656,21512,1656.869108,-0.001057881
09/06/2013 8:41:12,1656,1656.25,1654.25,1654.25,21538,1655.205381,-0.000756201
09/06/2013 8:42:20,1654.25,1655,1653,1653,21548,1654.122517,-0.000151263
09/06/2013 8:43:08,1653,1653.5,1652.5,1652.75,21555,1653.001624,-0.001059964
09/06/2013 8:44:11,1652.75,1653,1650.5,1651,21578,1652.074961,-0.00151653
09/06/2013 8:44:35,1651,1651,1648.25,1648.5,21601,1649.504849,-0.000151676
09/06/2013 8:45:28,1648.5,1650,1648,1648.25,21627,1649.057671,-0.000607072
09/06/2013 8:46:04,1648.25,1648.5,1646.5,1647.25,21484,1647.40017,-0.001063507
09/06/2013 8:46:59,1647.25,1647.25,1645,1645.5,21805,1646.343889,-0.001674022
09/06/2013 8:47:31,1645.5,1645.5,1642.5,1642.75,21677,1643.684285,0.000760341
09/06/2013 8:48:02,1642.75,1644.5,1642.25,1644,21692,1643.390397,0.000455996
09/06/2013 8:48:56,1644,1645,1643.75,1644.75,21680,1644.527341,0.000759417
09/06/2013 8:49:55,1644.75,1646.25,1644.75,1646,21654,1645.603999,0.000607165
09/06/2013 8:50:31,1646,1647.75,1646,1647,21647,1646.919631,-0.000455581
09/06/2013 8:52:07,1647,1647.75,1646,1646.25,21648,1646.87828,0.001061893
09/06/2013 8:53:44,1646.25,1648.25,1645.25,1648,21645,1646.682201,-0.001367158
09/06/2013 8:55:31,1648,1648,1645.5,1645.75,21643,1646.912501,0
09/06/2013 8:57:08,1645.75,1647,1644.5,1645.75,21658,1645.738468,0.000151883
09/06/2013 8:59:32,1645.75,1647,1644.5,1646,21640,1645.871061,-0.001368821
09/06/2013 9:01:18,1646,1646,1643.5,1643.75,21691,1644.678715,-0.000761035
09/06/2013 9:03:05,1643.75,1645.25,1642.5,1642.5,21680,1643.868992,-0.000914077
09/06/2013 9:03:42,1642.75,1642.75,1640.5,1641,21714,1641.772981,-0.001067561
09/06/2013 9:04:18,1641,1641.25,1639,1639.25,21732,1640.166207,0.000761963
09/06/2013 9:05:17,1639.25,1640.75,1638.75,1640.5,21629,1639.781509,0.001673513
09/06/2013 9:06:33,1640.5,1643.25,1640.5,1643.25,21819,1641.750573,0.00060818
09/06/2013 9:08:09,1643.25,1644.75,1642.75,1644.25,21679,1643.617395,-0.000152068
09/06/2013 9:10:21,1644.25,1645,1643,1644,21688,1643.839058,0.001366743
09/06/2013 9:12:07,1644,1646.5,1643.75,1646.25,21662,1644.861232,-0.00060781
09/06/2013 9:13:42,1646.25,1646.75,1644.25,1645.25,21673,1645.500404,0.001365706
09/06/2013 9:15:42,1645.25,1647.75,1644.25,1647.5,21656,1645.934002,0.000303398
09/06/2013 9:17:16,1647.75,1648.25,1646.5,1648,21634,1647.363537,-0.000455304
09/06/2013 9:19:49,1648,1648.75,1647,1647.25,21633,1647.830074,0.000606704
09/06/2013 9:23:22,1647.5,1648.75,1646.75,1648.25,21615,1647.715776,0
09/06/2013 9:26:56,1648.25,1648.75,1646.25,1648.25,21654,1647.511453,0.000151653
09/06/2013 9:29:25,1648.25,1649.5,1648.25,1648.5,21610,1649.034891,0.000303214
09/06/2013 9:31:33,1648.5,1650.25,1648.5,1649,21604,1649.481277,0.000606061
09/06/2013 9:35:55,1649,1650.5,1648.5,1650,21620,1649.485153,0.000151492
09/06/2013 9:40:59,1650,1650.75,1648.75,1650.25,21606,1649.732204,0.001361573
09/06/2013 9:43:25,1650.25,1652.5,1650,1652.5,21582,1651.370065,0.000755858
09/06/2013 9:45:01,1652.5,1653.75,1652,1653.75,21567,1652.835559,0.000604321
09/06/2013 9:46:26,1653.75,1654.75,1653.5,1654.75,21532,1653.984384,0
09/06/2013 9:48:45,1654.75,1655.25,1654.25,1654.75,21531,1654.704856,-0.000302252
09/06/2013 9:51:49,1654.75,1655.5,1654,1654.25,21568,1654.654847,0.000604138
09/06/2013 9:56:28,1654.5,1655.25,1653.5,1655.25,21551,1654.195455,0.000754603
09/06/2013 9:58:03,1655.25,1657.25,1655,1656.5,21495,1656.375238,0.000904704
09/06/2013 10:00:36,1656.5,1658.25,1656.25,1658,21534,1657.173249,0.000602773
09/06/2013 10:03:51,1658,1659,1657.5,1659,21496,1658.151354,0.000301296
09/06/2013 10:05:28,1659,1660.25,1658.25,1659.5,21483,1659.180364,-0.000753807
09/06/2013 10:09:17,1659.5,1659.5,1658.25,1658.25,21488,1658.699739,0.000602682
09/06/2013 10:12:52,1658.25,1659.75,1658,1659.25,21491,1658.613873,-0.000603045
09/06/2013 10:16:44,1659.25,1659.75,1658.25,1658.25,21483,1658.875332,-0.000301614
09/06/2013 10:19:40,1658.25,1658.5,1657.25,1657.75,21493,1657.834307,0.000301523
09/06/2013 10:25:12,1657.75,1658.5,1657.5,1658.25,21498,1657.967404,0.000753239
09/06/2013 10:30:02,1658.25,1659.5,1658,1659.5,21501,1658.62182,0.000301205
09/06/2013 10:34:47,1659.5,1660,1658.25,1660,21391,1659.057057,-0.000150625
09/06/2013 10:38:30,1660,1660.5,1659.5,1659.75,21550,1660.08623,-0.000301341
09/06/2013 10:42:30,1659.75,1660.5,1659,1659.25,21495,1659.585741,-0.000301432
09/06/2013 10:50:39,1659.25,1659.75,1658.5,1658.75,21483,1659.045292,0.000150693
09/06/2013 11:00:28,1658.75,1659.75,1658,1659,21479,1658.796487,0
09/06/2013 11:07:58,1659,1660.25,1658.5,1659,21484,1659.380923,0.000752899
09/06/2013 11:19:04,1659,1660.5,1658.75,1660.25,21487,1659.448492,-0.000602682
09/06/2013 11:31:53,1660.25,1660.5,1658.75,1659.25,21477,1659.59516,-0.001357876
09/06/2013 11:39:50,1659.25,1659.5,1657,1657,21483,1658.44477,0.000150852
09/06/2013 11:46:01,1657,1657.75,1656,1657.25,21514,1656.799584,0.000452352
09/06/2013 12:00:11,1657.25,1658.25,1656.5,1658,21518,1657.269786,0.000753352
09/06/2013 12:07:18,1658,1659.75,1657.75,1659.25,21488,1658.794862,0.000602319
09/06/2013 12:20:18,1659.25,1660.75,1658.75,1660.25,21474,1659.518976,-0.00030125
09/06/2013 12:33:47,1660.25,1660.25,1659,1659.75,21465,1659.648218,0
09/06/2013 12:46:53,1659.75,1660.75,1659.25,1659.75,21477,1660.046841,0.001353791
09/06/2013 12:49:53,1659.75,1662.25,1659.5,1662,21463,1661.336358,0.00045106
09/06/2013 12:53:34,1662,1663.25,1661.75,1662.75,21432,1662.689296,-0.000300797
09/06/2013 13:02:14,1662.75,1662.75,1661.75,1662.25,21451,1662.306606,0.000901578
09/06/2013 13:08:16,1662.25,1664,1662,1663.75,21436,1662.866988,-0.001354198
09/06/2013 13:15:46,1663.75,1664,1661.5,1661.5,21442,1662.441843,0.000601504
09/06/2013 13:31:19,1661.5,1662.5,1661.25,1662.5,21434,1661.830118,-0.000300842
09/06/2013 13:42:02,1662.5,1663.25,1661.5,1662,21448,1662.340696,0
09/06/2013 13:52:38,1662,1662.25,1660.75,1662,21439,1661.605205,-0.000752672
09/06/2013 14:01:16,1662,1662.5,1660,1660.75,21480,1661.002933,-0.000753239
09/06/2013 14:07:44,1660.75,1661.5,1659.5,1659.5,21427,1660.560531,-0.000602954
09/06/2013 14:09:12,1659.5,1660,1657.25,1658.5,21531,1658.487425,-0.001056285
09/06/2013 14:12:20,1658.5,1659,1656.25,1656.75,21501,1657.693328,0.000904568
09/06/2013 14:15:27,1656.75,1658.25,1656.5,1658.25,21487,1657.268267,0.000602682
09/06/2013 14:20:28,1658.25,1659.25,1657.25,1659.25,21518,1658.19565,-0.00075392
09/06/2013 14:26:10,1659.25,1659.5,1657.75,1658,21485,1658.57731,-0.000905524
09/06/2013 14:35:43,1658,1658.75,1656.5,1656.5,21506,1657.885474,0.000603318
09/06/2013 14:40:40,1656.5,1657.75,1655.5,1657.5,21512,1656.61167,-0.000905797
09/06/2013 14:47:21,1657.5,1658.5,1655.75,1656,21510,1657.249198,-0.001057881
09/06/2013 14:49:57,1656,1656.5,1654.25,1654.25,21535,1655.350894,0.000755059
09/06/2013 14:55:13,1654.25,1656.25,1654.25,1655.5,21534,1655.257697,-0.001058201
09/06/2013 14:57:00,1655.5,1655.5,1653.5,1653.75,21206,1654.463631,-0.000302435
09/06/2013 14:58:16,1653.75,1654.25,1653,1653.25,21894,1653.578537,0.000151194
09/06/2013 14:59:49,1653.25,1653.75,1652.75,1653.5,21439,1653.298813,0.000453378
09/06/2013 15:00:06,1653.5,1654.5,1653.5,1654.25,21669,1653.831014,-0.000453583
09/06/2013 15:01:11,1654.25,1654.25,1653.25,1653.5,21550,1653.740499,0.000151172
09/06/2013 15:06:12,1653.5,1653.75,1652.5,1653.75,21567,1653.18235,0
09/06/2013 15:14:51,1653.75,1654.25,1653,1653.75,21548,1653.589614,0.001509434
09/08/2013 18:48:04,1653.75,1658,1652,1656.25,21544,1654.944915,0.001507159
09/09/2013 1:02:18,1656.25,1659.25,1654.75,1658.75,21516,1656.840805,-0.001207183
09/09/2013 2:45:34,1658.75,1659.25,1656.5,1656.75,21501,1657.875634,0.001657126
09/09/2013 4:00:04,1656.75,1659.75,1656.75,1659.5,21487,1658.499255,-0.000602954
09/09/2013 5:35:11,1659.5,1659.5,1656.5,1658.5,21509,1657.54118,-0.00045242
09/09/2013 6:43:09,1658.5,1659,1656,1657.75,21506,1657.449468,0.000150784
09/09/2013 7:58:45,1657.75,1658.25,1656.5,1658,21508,1657.262507,0.000753352
09/09/2013 8:30:20,1658,1659.5,1657.75,1659.25,21478,1658.570002,0.001053582
09/09/2013 8:31:29,1659.25,1661.75,1659.25,1661,21476,1660.674683,0.000300933
09/09/2013 8:35:34,1661,1661.75,1660,1661.5,21463,1660.739587,0
09/09/2013 8:39:10,1661.5,1662.25,1660.75,1661.5,21453,1661.544353,-0.000451603
09/09/2013 8:44:39,1661.5,1661.75,1660,1660.75,21460,1660.92818,0.000752106
09/09/2013 8:48:12,1660.75,1662.5,1660.75,1662,21446,1661.823953,0.000751541
09/09/2013 8:52:04,1662,1663.25,1661.25,1663.25,21430,1662.424662,0.000600871
09/09/2013 8:55:20,1663.25,1664.25,1663,1664.25,21441,1663.544063,-0.000300526
09/09/2013 8:59:17,1664.25,1664.75,1663.75,1663.75,21418,1664.204863,0.000300436
09/09/2013 9:02:21,1663.75,1665.25,1663.5,1664.25,21413,1664.480759,-0.00090212
09/09/2013 9:05:59,1664.25,1664.75,1662.5,1662.75,21426,1663.504072,-0.000451264
09/09/2013 9:10:07,1662.75,1663.25,1661.75,1662,21435,1662.585246,0
09/09/2013 9:16:11,1662,1662.5,1661,1662,21452,1661.86542,0.000300752
09/09/2013 9:21:20,1662,1663.25,1661.5,1662.5,21446,1662.283701,-0.000752445
09/09/2013 9:29:45,1662.5,1662.75,1661,1661.25,21439,1661.871787,0.000451264
09/09/2013 9:36:17,1661.25,1662.25,1660.25,1662,21466,1661.285614,0.00045106
09/09/2013 9:44:01,1662,1663,1661.25,1662.75,21444,1662.088929,-0.000451264
09/09/2013 9:53:51,1662.75,1663,1661.5,1662,21437,1662.154324,0
09/09/2013 10:02:18,1662.25,1662.5,1660.75,1662,21455,1661.858844,0.000150399
09/09/2013 10:08:49,1662,1663,1661.25,1662.25,21444,1662.110264,0
09/09/2013 10:15:57,1662.25,1663.25,1662,1662.25,21441,1662.637902,-0.000601956
09/09/2013 10:24:37,1662.25,1662.25,1661,1661.25,21451,1661.670983,0.000601594
09/09/2013 10:31:11,1661.25,1662.5,1661.25,1662.25,21400,1661.971449,0
09/09/2013 10:36:15,1662.25,1663,1661.75,1662.25,21488,1662.21334,0.001051683
09/09/2013 10:41:24,1662.25,1664.25,1662,1664,21431,1663.265433,0
09/09/2013 10:49:31,1664,1664.5,1663.5,1664,21423,1664.02523,0
09/09/2013 10:57:52,1664,1664.75,1663.5,1664,21418,1664.116199,0.000450518
09/09/2013 11:05:31,1664,1665,1663.5,1664.75,21393,1664.322243,0.00060033
09/09/2013 11:12:55,1664.75,1666,1664.25,1665.75,21433,1664.982807,0.00059997
09/09/2013 11:15:53,1665.75,1667,1665.75,1666.75,21370,1666.420566,-0.000150015
09/09/2013 11:29:57,1666.75,1667,1665.75,1666.5,21411,1666.340152,-0.000750638
09/09/2013 11:37:24,1666.5,1666.75,1665,1665.25,21387,1665.674499,0.000300165
09/09/2013 11:49:02,1665.25,1666,1665.25,1665.75,21406,1665.590092,0
09/09/2013 12:07:43,1665.75,1666.75,1665.25,1665.75,21404,1665.817067,0.00015006
09/09/2013 12:24:00,1665.75,1666.5,1665.25,1666,21397,1665.813595,0.00030003
09/09/2013 12:38:20,1666,1667,1665.5,1666.5,21392,1666.218925,0.00029994
09/09/2013 12:48:08,1666.5,1667.75,1665.75,1667,21386,1666.7969,0.000899011
09/09/2013 13:00:08,1667,1668.5,1666.75,1668.5,21371,1667.543213,0.000449304
09/09/2013 13:04:17,1668.5,1669.75,1668.25,1669.25,21351,1668.884279,0.000149745
09/09/2013 13:16:05,1669.25,1669.75,1668.75,1669.5,21364,1669.194708,0.000897666
09/09/2013 13:19:31,1669.5,1671,1669.5,1671,21340,1670.441565,0
09/09/2013 13:22:07,1671,1671.75,1670.75,1671,21327,1671.268896,-0.000149633
09/09/2013 13:26:18,1671,1671.25,1670.5,1670.75,21047,1670.97812,-0.000299356
09/09/2013 13:36:10,1670.75,1671,1670.25,1670.25,21622,1670.475129,0
09/09/2013 13:44:58,1670.25,1670.5,1669.5,1670.25,21337,1669.990591,0
09/09/2013 13:57:09,1670.25,1670.5,1669.75,1670.25,21350,1670.145995,-0.000149701
09/09/2013 14:09:06,1670.25,1670.5,1669,1670,21344,1669.853132,0.000598444
09/09/2013 14:17:52,1670,1671,1669.75,1671,21335,1670.340684,-0.000898473
09/09/2013 14:25:04,1671,1671.5,1669.25,1669.5,21333,1670.355998,0.000299401
09/09/2013 14:35:17,1669.5,1670.75,1669,1670,21355,1669.900234,-0.000599161
09/09/2013 14:43:10,1670,1670.25,1669,1669,21352,1669.529974,0.000598802
09/09/2013 14:51:46,1669,1670.25,1668.75,1670,21348,1669.56243,0
09/09/2013 14:57:33,1670,1670.5,1669.5,1670,21344,1670.063402,0.000149678
09/09/2013 14:59:39,1670.25,1670.75,1670,1670.25,21270,1670.314563,0.000149656
09/09/2013 15:00:01,1670.25,1670.75,1670,1670.5,21396,1670.35613,0.000149633
09/09/2013 15:00:56,1670.5,1671,1670.25,1670.75,21337,1670.611473,0
09/09/2013 15:04:39,1670.75,1671.25,1670.75,1670.75,21315,1671.040547,-0.000748727
09/09/2013 15:11:15,1670.75,1671,1669.5,1669.5,21261,1670.403403,-0.000299581
09/09/2013 15:14:35,1669.5,1669.75,1668.25,1669,21462,1669.072232,0.001794258
09/09/2013 17:40:08,1669,1672.25,1669,1672,21327,1670.33692,-0.001197605
09/09/2013 22:53:46,1672,1672.25,1669,1670,21349,1670.496581,0.001643999
09/10/2013 2:00:46,1670,1673.5,1669.5,1672.75,21322,1671.753764,0.001492315
09/10/2013 2:45:12,1672.75,1675.25,1671.5,1675.25,21299,1673.144103,0.00059657
09/10/2013 3:07:36,1675.25,1677.25,1675.25,1676.25,21266,1676.373495,-0.000149165
09/10/2013 4:21:06,1676.5,1677.75,1675.75,1676,21255,1676.880428,0.001191895
09/10/2013 5:46:38,1676,1678.5,1675.75,1678,21254,1677.256681,0.000595593
09/10/2013 6:18:23,1678,1679,1677,1679,21241,1678.006073,0.000892591
09/10/2013 6:36:53,1679,1680.5,1678,1680.5,21229,1679.195499,-0.000297619
09/10/2013 6:54:39,1680.5,1681.25,1679.5,1680,21211,1680.403046,-0.000148832
09/10/2013 7:27:28,1680,1680.75,1679.25,1679.75,21217,1680.048228,-0.000297752
09/10/2013 7:53:57,1679.75,1680.75,1678.75,1679.25,21212,1679.736835,0
09/10/2013 8:11:34,1679.25,1680,1678.5,1679.25,21234,1679.267766,0.000743826
09/10/2013 8:30:00,1679.25,1680.75,1679,1680.5,21219,1679.731703,-0.000595415
09/10/2013 8:32:03,1680.25,1680.75,1679.25,1679.5,21197,1679.953673,-0.000297796
09/10/2013 8:35:13,1679.5,1680,1678.75,1679,21238,1679.321664,-0.001043375
09/10/2013 8:37:24,1679,1679.25,1676.75,1677.25,21251,1678.025387,0.000149031
09/10/2013 8:40:51,1677.25,1678.25,1677,1677.5,21242,1677.607076,-0.000149054
09/10/2013 8:44:24,1677.5,1678.75,1677.25,1677.25,21247,1678.02851,0.000893522
09/10/2013 8:49:14,1677.25,1679.25,1677.25,1678.75,21228,1678.388838,0.000595327
09/10/2013 8:52:54,1678.75,1680.25,1678.5,1679.75,21218,1679.546788,0.000594972
09/10/2013 8:55:18,1679.75,1681.25,1679.25,1680.75,21228,1680.15933,-0.000744269
09/10/2013 8:59:14,1680.75,1681,1679.25,1679.5,21206,1680.501922,0.000446362
09/10/2013 9:04:04,1679.5,1680.5,1679,1680.25,21224,1679.818649,0.000891928
09/10/2013 9:06:41,1680.25,1681.75,1679.5,1681.75,21210,1680.450283,-0.001041667
09/10/2013 9:10:13,1681.75,1681.75,1680,1680,21210,1680.622713,0.000446229
09/10/2013 9:14:21,1680,1681,1679.75,1680.75,21209,1680.442737,-0.000595327
09/10/2013 9:17:02,1680.75,1682,1679.25,1679.75,21210,1680.697855,0.00014881
09/10/2013 9:21:25,1679.75,1680.5,1679,1680,21217,1679.781602,0.000594884
09/10/2013 9:27:18,1680,1681.25,1680,1681,21212,1680.622006,0.00059453
09/10/2013 9:33:09,1681,1682.25,1680.75,1682,21187,1681.633478,-0.000297354
09/10/2013 9:39:15,1682,1682,1680.75,1681.5,21202,1681.394043,0.000594354
09/10/2013 9:44:34,1681.5,1682.5,1681.25,1682.5,21182,1681.914727,-0.000445964
09/10/2013 9:48:39,1682.5,1682.75,1681.25,1681.75,21198,1682.003644,0.000445765
09/10/2013 9:54:07,1681.75,1682.75,1681.75,1682.5,21190,1682.095824,-0.000594707
09/10/2013 9:59:54,1682.5,1683,1681.5,1681.5,21191,1682.310238,0.000148655
09/10/2013 10:03:56,1681.5,1682.25,1681.25,1681.75,21196,1681.832917,0
09/10/2013 10:08:30,1681.75,1682,1681,1681.75,21200,1681.54645,-0.000297398
09/10/2013 10:17:18,1681.75,1682,1680.75,1681.25,21095,1681.491657,0.000148677
09/10/2013 10:24:55,1681.25,1681.5,1680.75,1681.5,21307,1681.199242,-0.000148699
09/10/2013 10:29:57,1681.5,1681.75,1681,1681.25,21177,1681.352753,-0.00089299
09/10/2013 10:34:05,1681.25,1681.25,1679.75,1679.75,21209,1680.545393,-0.000148854
09/10/2013 10:40:11,1679.75,1680.5,1679.25,1679.5,21240,1679.895292,-0.000893921
09/10/2013 10:44:38,1679.5,1679.75,1678,1678,21232,1678.990156,-0.000149009
09/10/2013 10:47:58,1678,1678.25,1676.75,1677.75,21238,1677.653263,0.000595681
09/10/2013 10:54:23,1677.75,1679,1677.5,1678.75,21202,1678.116298,-0.000148943
09/10/2013 10:59:55,1678.75,1679,1678,1678.5,21282,1678.601482,0.000595415
09/10/2013 11:07:57,1678.5,1679.75,1678.5,1679.5,21218,1679.044667,0
09/10/2013 11:17:37,1679.5,1680,1679.25,1679.5,21227,1679.6029,0.000148832
09/10/2013 11:27:18,1679.5,1680,1679,1679.75,21226,1679.501896,0
09/10/2013 11:38:01,1680,1680.25,1678.75,1679.75,21225,1679.50735,0.00014881
09/10/2013 11:53:28,1679.75,1680,1678.5,1680,21217,1679.420335,0.000148787
09/10/2013 12:04:13,1680,1681.25,1679.75,1680.25,21216,1680.443309,0
09/10/2013 12:10:43,1680.25,1680.75,1679.75,1680.25,21214,1680.251473,0.000446163
09/10/2013 12:19:39,1680.25,1681.25,1679,1681,21215,1679.814919,0.000148699
09/10/2013 12:23:00,1681,1681.75,1680.25,1681.25,21166,1680.955188,0.000148677
09/10/2013 12:27:37,1681.25,1682,1681,1681.5,21244,1681.468815,-0.000148699
09/10/2013 12:32:50,1681.5,1682,1680.75,1681.25,21165,1681.329388,-0.000148721
09/10/2013 12:39:50,1681.25,1681.5,1680.25,1681,21220,1680.930973,0
09/10/2013 12:47:31,1681,1681.5,1680.75,1681,21212,1681.203635,0.000148699
09/10/2013 12:58:21,1681,1681.75,1680.5,1681.25,21212,1681.147864,-0.000297486
09/10/2013 13:07:54,1681.25,1681.75,1680.75,1680.75,21005,1681.175732,0.00044603
09/10/2013 13:12:25,1680.75,1682,1680.25,1681.5,21394,1681.011148,-0.000297442
09/10/2013 13:21:40,1681.5,1681.75,1680.25,1681,21206,1681.023472,-0.000893123
09/10/2013 13:32:57,1681,1681.5,1679.5,1679.5,21211,1680.640493,0.000446362
09/10/2013 13:41:08,1679.5,1680.5,1679.25,1680.25,21222,1679.797321,0.000148765
09/10/2013 13:51:04,1680.25,1681,1680,1680.5,21207,1680.432334,0.000743273
09/10/2013 13:59:31,1680.5,1682,1680,1681.75,21210,1680.852428,0
09/10/2013 14:05:33,1681.75,1682,1681.25,1681.75,21198,1681.492877,-0.000148677
09/10/2013 14:12:22,1681.75,1682.5,1681,1681.5,21196,1681.643848,0
09/10/2013 14:19:47,1681.5,1682,1680.5,1681.5,21194,1681.219708,0.000445831
09/10/2013 14:27:38,1681.5,1682.5,1681.25,1682.25,21201,1681.920558,0.000148588
09/10/2013 14:34:10,1682.25,1682.75,1681.75,1682.5,21153,1682.191557,-0.000594707
09/10/2013 14:41:06,1682.5,1682.75,1681.5,1681.5,21226,1682.124776,-0.000148699
09/10/2013 14:47:19,1681.5,1682.25,1680.25,1681.25,21199,1681.362246,0
09/10/2013 14:52:54,1681.5,1682.5,1681,1681.25,21193,1681.777214,0.000297309
09/10/2013 14:58:03,1681.25,1682,1681,1681.75,21199,1681.450658,0.000742721
09/10/2013 14:59:45,1681.75,1683.25,1681.75,1683,21150,1682.496608,0
09/10/2013 15:00:00,1683,1683.25,1682.75,1683,21213,1683.08615,-0.000445831
09/10/2013 15:00:36,1683,1683.25,1682,1682.25,21170,1682.542218,0.000148588
09/10/2013 15:03:13,1682.25,1683,1682.25,1682.5,21185,1682.641586,-0.00014861
09/10/2013 15:08:30,1682.5,1683,1682.25,1682.25,21137,1682.592303,0.000148588
09/10/2013 15:31:21,1682.25,1682.75,1681.75,1682.5,21249,1682.14783,-0.001041202
09/10/2013 20:06:43,1682.5,1683,1680.25,1680.75,21193,1681.778099,0.00044603
09/10/2013 21:32:10,1680.75,1684,1679.75,1681.5,21197,1681.825754,-0.000595061
09/11/2013 2:10:43,1681.5,1682.75,1679.75,1680.5,21208,1680.772268,0.000594707
09/11/2013 3:24:29,1680.5,1682.5,1679.75,1681.5,21199,1681.014812,-0.000297442
09/11/2013 5:01:22,1681.5,1683.5,1680.5,1681,21188,1682.116788,0.000297354
09/11/2013 6:33:21,1681,1683,1680.75,1681.5,21198,1682.077661,0
09/11/2013 7:17:06,1681.5,1682.75,1679.75,1681.5,21195,1680.980951,-0.000446229
09/11/2013 8:10:14,1681.5,1681.5,1680.25,1680.75,21212,1680.881447,0.000148721
09/11/2013 8:30:02,1680.75,1681.25,1679.25,1681,21215,1680.246748,0.000297354
09/11/2013 8:31:11,1681,1682,1680.5,1681.5,21199,1681.277478,-0.000892857
09/11/2013 8:33:57,1681.5,1682,1680,1680,21198,1681.41452,0.001337494
09/11/2013 8:36:34,1680,1682.25,1679.75,1682.25,21185,1681.208154,-0.000148633
09/11/2013 8:38:59,1682.25,1682.75,1680.75,1682,21215,1681.787273,0.00014861
09/11/2013 8:42:26,1682,1682.75,1681.5,1682.25,21189,1682.222745,-0.000148633
09/11/2013 8:48:08,1682.25,1682.75,1681.25,1682,21194,1681.821247,-0.000743716
09/11/2013 8:53:37,1682,1682.25,1680.5,1680.75,21181,1681.27108,-0.001042287
09/11/2013 8:57:20,1680.75,1681.25,1678.75,1679,21214,1680.002216,0.000892591
09/11/2013 9:01:50,1679,1680.5,1678.5,1680.5,21168,1679.442354,0
09/11/2013 9:05:12,1680.5,1681,1680,1680.5,21269,1680.437691,-0.000297619
09/11/2013 9:09:17,1680.5,1681.5,1680,1680,21185,1680.799091,-0.000148832
09/11/2013 9:12:30,1680,1680.25,1679.25,1679.75,21250,1679.867541,-0.000446694
09/11/2013 9:15:45,1679.75,1681,1679,1679,21225,1679.889446,0
09/11/2013 9:19:07,1679,1680.25,1678.5,1679,21169,1679.143441,-0.000297885
09/11/2013 9:22:28,1679,1679.5,1677.75,1678.5,21294,1678.621713,0
09/11/2013 9:28:28,1678.5,1679,1678,1678.5,21239,1678.448997,0.000297796
09/11/2013 9:34:27,1678.5,1679.25,1677.75,1679,21037,1678.587097,0.000148876
09/11/2013 9:37:43,1679,1680,1679,1679.25,21418,1679.456964,-0.000148898
09/11/2013 9:46:33,1679.25,1680,1678.75,1679,21217,1679.336617,0.000446495
09/11/2013 9:54:02,1679,1679.75,1678.25,1679.75,21240,1679.047587,0.000446296
09/11/2013 10:00:25,1679.75,1680.75,1679,1680.5,21180,1679.800295,-0.000148787
09/11/2013 10:06:34,1680.5,1680.75,1680,1680.25,21252,1680.362366,0.000743384
09/11/2013 10:11:27,1680.25,1681.75,1680.25,1681.5,21186,1681.155386,0
09/11/2013 10:17:19,1681.5,1682.25,1681.25,1681.5,21211,1681.757437,0.000148655
09/11/2013 10:23:53,1681.5,1682.25,1681,1681.75,21196,1681.554114,0
09/11/2013 10:29:38,1681.75,1682.25,1681.5,1681.75,21196,1681.796259,0.001039501
09/11/2013 10:32:28,1681.75,1683.5,1681.5,1683.5,21173,1682.492786,0.000148478
09/11/2013 10:34:10,1683.5,1684.5,1683.25,1683.75,21165,1683.786452,0.000890076
09/11/2013 10:37:40,1683.75,1685.25,1683.5,1685.25,21174,1684.441804,-0.000445236
09/11/2013 10:40:45,1685.25,1685.75,1684.5,1684.5,21141,1685.078828,0
09/11/2013 10:49:34,1684.5,1685,1684.25,1684.5,21127,1684.626308,0
09/11/2013 10:56:42,1684.5,1684.75,1684,1684.5,21206,1684.393992,-0.000594001
09/11/2013 11:02:24,1684.5,1684.75,1683.5,1683.5,21159,1684.370233,0.000593648
09/11/2013 11:08:57,1683.5,1684.5,1683.5,1684.5,21104,1684.077699,0.00014839
09/11/2013 11:15:12,1684.5,1685.25,1684,1684.75,21192,1684.591237,0.000148368
09/11/2013 11:19:31,1684.75,1685.5,1684.75,1685,21184,1684.975795,-0.000296824
09/11/2013 11:26:26,1685,1685.25,1684.5,1684.5,21144,1684.842993,0.00088968
09/11/2013 11:30:03,1684.5,1686.25,1684.25,1686,21167,1685.150588,-0.000445038
09/11/2013 11:39:15,1686,1686,1684.75,1685.25,21124,1685.333519,-0.000148368
09/11/2013 11:48:53,1685.25,1685.75,1684.5,1685,21113,1685.106072,0.000444906
09/11/2013 11:57:27,1685,1686,1685,1685.75,21212,1685.434813,-0.000445104
09/11/2013 12:08:15,1685.75,1686.25,1684.75,1685,21148,1685.579854,0.000148346
09/11/2013 12:14:56,1685,1685.5,1684.75,1685.25,21151,1685.243085,-0.000148368
09/11/2013 12:25:36,1685.25,1685.75,1684.75,1685,21148,1685.201532,0.000889416
09/11/2013 12:33:36,1685,1686.75,1685,1686.5,21143,1686.042496,0.000148214
09/11/2013 12:39:53,1686.5,1687.5,1686.25,1686.75,21131,1686.902099,0.00029634
09/11/2013 12:49:55,1686.75,1687.5,1686.5,1687.25,21127,1687.077602,-0.000148192
09/11/2013 13:00:29,1687.25,1687.25,1686.5,1687,21130,1686.892333,-0.000296472
09/11/2013 13:12:55,1687,1687.75,1686.25,1686.5,21084,1686.945373,-0.00029656
09/11/2013 13:21:30,1686.5,1686.75,1685.75,1686,21177,1686.295981,0.000296472
09/11/2013 13:29:52,1686,1686.75,1685.5,1686.5,21075,1686.078078,-0.000148258
09/11/2013 13:41:14,1686.5,1686.75,1686,1686.25,21209,1686.430395,-0.00014828
09/11/2013 13:53:34,1686.25,1687,1685.75,1686,21130,1686.355147,0
09/11/2013 14:01:40,1686,1686.25,1685,1686,21148,1685.595482,-0.000445038
09/11/2013 14:09:54,1686,1686,1685,1685.25,21149,1685.654428,-0.00029678
09/11/2013 14:17:47,1685.25,1685.75,1684.5,1684.75,21145,1685.319745,0.000444972
09/11/2013 14:29:10,1684.75,1685.5,1684.5,1685.5,21153,1685.042807,-0.000296736
09/11/2013 14:37:51,1685.5,1685.5,1684.25,1685,21158,1684.810757,0.000296648
09/11/2013 14:45:23,1685,1686,1684.75,1685.5,21129,1685.412916,-0.000148346
09/11/2013 14:52:47,1685.5,1685.75,1684.5,1685.25,21175,1685.168867,0.000889284
09/11/2013 14:58:30,1685.25,1687,1684.75,1686.75,21128,1686.075374,0.000444444
09/11/2013 14:59:55,1686.75,1687.75,1686.75,1687.5,21115,1687.374805,0.000444247
09/11/2013 15:00:17,1687.75,1688.5,1687.5,1688.25,21132,1688.185702,0.00014806
09/11/2013 15:03:12,1688,1688.5,1687.5,1688.5,21112,1688.029391,-0.000148082
09/11/2013 15:12:02,1688.5,1688.5,1687.75,1688.25,21119,1688.209042,0.001035503
09/11/2013 16:05:50,1688.25,1690,1688.25,1690,21107,1688.987658,-0.000443984
09/11/2013 20:22:53,1690,1690.5,1687.5,1689.25,21105,1688.935963,-0.001333729
09/12/2013 1:42:52,1689.5,1690,1687,1687,21115,1688.078451,0.00014817
09/12/2013 3:16:38,1687,1688.25,1686.75,1687.25,21122,1687.478967,-0.000296428
09/12/2013 4:38:18,1687.5,1687.5,1685.25,1686.75,21096,1686.452681,0.00029634
09/12/2013 6:11:48,1686.75,1687.75,1685.25,1687.25,21173,1686.756116,0.001183957
09/12/2013 6:59:53,1687.25,1689.5,1686.75,1689.25,21114,1687.999597,-0.000592329
09/12/2013 7:38:19,1689.25,1689.5,1687,1688.25,21110,1688.205365,-0.00059268
09/12/2013 8:26:13,1688.25,1689,1687,1687.25,21116,1688.079821,0.000296252
09/12/2013 8:31:38,1687.25,1689,1687,1687.75,21119,1688.039668,-0.000592856
09/12/2013 8:36:23,1687.75,1688.25,1686.75,1686.75,21122,1687.534277,-0.000296516
09/12/2013 8:39:05,1686.75,1687,1685.5,1686.25,21122,1686.278359,-0.000593384
09/12/2013 8:42:13,1686.25,1686.75,1685,1685.25,21162,1685.774986,0.001185361
09/12/2013 8:47:36,1685.25,1687.25,1685.25,1687.25,21136,1686.316971,-0.000296428
09/12/2013 8:52:14,1687.25,1687.5,1686.25,1686.75,21123,1686.884664,0.000740521
09/12/2013 8:58:24,1686.75,1688.25,1686.25,1688,21130,1687.39806,0
09/12/2013 9:07:34,1688,1688.75,1687,1688,21119,1687.910519,-0.000296296
09/12/2013 9:19:35,1688,1688.75,1687,1687.5,21121,1687.650691,0.001183782
09/12/2013 9:30:47,1687.5,1689.75,1687.25,1689.5,21103,1688.469365,-0.000147995
09/12/2013 9:43:39,1689.75,1690,1688.75,1689.25,21092,1689.382372,-0.000444181
09/12/2013 9:57:23,1689.25,1689.5,1688.5,1688.5,21118,1689.002214,-0.000444379
09/12/2013 10:08:42,1688.5,1688.75,1687.5,1687.75,21109,1688.12985,-0.00103796
09/12/2013 10:17:39,1687.75,1688,1685.75,1686,21136,1686.901341,0.000296472
09/12/2013 10:26:02,1686,1687.25,1685.25,1686.5,21087,1686.106476,-0.000593296
09/12/2013 10:33:59,1686.5,1687.5,1685.25,1685.5,21186,1686.544003,-0.000593648
09/12/2013 10:39:43,1685.5,1686.25,1684.25,1684.5,21147,1685.070767,0.000296736
09/12/2013 10:52:40,1684.5,1685.5,1684.25,1685,21163,1684.878881,-0.000296824
09/12/2013 11:04:25,1685,1686.25,1684,1684.5,21151,1685.126011,-0.000445434
09/12/2013 11:12:01,1684.5,1685,1683.75,1683.75,21159,1684.392055,-0.000742942
09/12/2013 11:22:15,1683.75,1684,1682.5,1682.5,21173,1683.187893,0.000297089
09/12/2013 11:30:03,1682.5,1683,1681.75,1683,21195,1682.269769,0.000593824
09/12/2013 11:45:01,1683,1684.5,1682.75,1684,21164,1683.698403,0.00074173
09/12/2013 12:09:48,1684,1685.25,1683.25,1685.25,21170,1684.241615,0.000889284
09/12/2013 12:22:18,1685.25,1687.5,1685,1686.75,21134,1686.200767,-0.000148236
09/12/2013 12:47:32,1686.75,1687.25,1685.5,1686.5,21140,1686.499172,-0.000444906
09/12/2013 13:13:00,1686.5,1686.75,1685.5,1685.75,21128,1686.17039,0.00014828
09/12/2013 13:27:16,1685.75,1686.75,1685,1686,21156,1685.714667,-0.000593472
09/12/2013 13:45:53,1686,1686.25,1683.75,1685,21155,1684.950685,0.00059312
09/12/2013 13:59:43,1685,1686.75,1684.75,1686,21070,1685.659397,-0.001187648
09/12/2013 14:09:34,1686,1686.75,1684,1684,21225,1685.34649,-0.000742832
09/12/2013 14:18:29,1684,1684.5,1682.75,1682.75,21158,1683.578268,0.00074228
09/12/2013 14:26:19,1682.75,1684.25,1682.5,1684,21159,1683.261544,0
09/12/2013 14:38:04,1684.25,1684.25,1683.25,1684,21200,1683.763715,-0.00089153
09/12/2013 14:49:07,1684,1684.25,1682,1682.5,21153,1683.214639,0
09/12/2013 14:56:02,1682.5,1682.75,1681.25,1682.5,21211,1682.207475,0.000297089
09/12/2013 14:59:53,1682.5,1683,1682,1683,21147,1682.508275,0.00103873
09/12/2013 15:00:01,1682.75,1685,1682.75,1684.75,21201,1683.71183,-0.000148412
09/12/2013 15:01:39,1684.75,1685,1684.25,1684.5,21156,1684.639996,0.000296736
09/12/2013 15:10:18,1684.5,1685,1683.75,1685,21172,1684.418796,-0.002677774
09/12/2013 19:55:21,1685,1685.75,1678,1680.5,21166,1683.656962,-0.002385923
09/13/2013 1:51:01,1680.5,1680.5,1674,1676.5,21254,1677.365272,-0.000447561
09/13/2013 3:24:55,1676.5,1679,1675.5,1675.75,21254,1677.010469,0.001340882
09/13/2013 6:41:26,1675.75,1678.25,1674.75,1678,21259,1676.440649,0.000446761
09/13/2013 7:33:47,1678,1680.5,1677.75,1678.75,21225,1679.243569,0.000148898
09/13/2013 8:29:59,1678.75,1679.75,1678,1679,21228,1678.892336,-0.000446894
09/13/2013 8:34:06,1679.25,1680.25,1678,1678.25,21203,1679.248585,0.000595504
09/13/2013 8:38:01,1678.25,1679.5,1677.75,1679.25,21251,1678.744271,-0.000148898
09/13/2013 8:42:22,1679.25,1680.5,1678.75,1679,21219,1679.657418,0.000446495
09/13/2013 8:49:07,1679,1680.25,1678.75,1679.75,21237,1679.615847,0.00014881
09/13/2013 8:55:37,1679.75,1682.25,1679,1680,21030,1680.624976,0.000148787
09/13/2013 8:59:38,1680,1680.75,1679,1680.25,21389,1679.971527,-0.001340882
09/13/2013 9:05:10,1680.25,1680.5,1678,1678,21176,1679.108425,-0.000298063
09/13/2013 9:10:58,1678,1678.5,1677,1677.5,21302,1677.676321,-0.000745712
09/13/2013 9:16:50,1677.5,1677.75,1676,1676.25,21259,1676.551613,0
09/13/2013 9:24:36,1676.25,1677.25,1675.75,1676.25,21252,1676.29649,0.000298196
09/13/2013 9:30:39,1676.25,1677,1675,1676.75,21280,1675.982319,0.000298107
09/13/2013 9:37:59,1676.75,1677.75,1676.5,1677.25,21253,1677.180869,0.001042287
09/13/2013 9:44:24,1677.25,1679.5,1677.25,1679,21238,1678.429548,0.000148876
09/13/2013 9:55:01,1679,1679.25,1678,1679.25,21234,1678.784344,-0.000297841
09/13/2013 10:02:03,1679.25,1679.75,1678.5,1678.75,21207,1679.071262,0.000595327
09/13/2013 10:18:14,1678.75,1680,1678.5,1679.75,21249,1679.190974,0.000446296
09/13/2013 10:28:10,1679.75,1681.5,1679.25,1680.5,21169,1680.394209,-0.000148787
09/13/2013 10:41:38,1680.5,1681.25,1680,1680.25,21250,1680.601671,0.000148765
09/13/2013 11:13:01,1680.25,1681.25,1680,1680.5,21194,1680.55071,-0.000446495
09/13/2013 11:42:01,1680.5,1681.75,1679.5,1679.75,21224,1680.665909,0.000594972
09/13/2013 12:14:17,1679.75,1681,1679.25,1680.75,21217,1680.186136,0.00044603
09/13/2013 13:01:53,1680.75,1681.75,1680,1681.5,21199,1680.759824,-0.000446229
09/13/2013 13:27:00,1681.5,1682,1680.5,1680.75,21199,1681.455352,-0.000297575
09/13/2013 14:08:32,1680.75,1681.25,1680,1680.25,21210,1680.659359,0.000148765
09/13/2013 14:35:16,1680.25,1681,1679.5,1680.5,21219,1680.316344,-0.000893389
09/13/2013 14:53:28,1680.5,1680.75,1678.75,1679,21143,1679.757059,0.001041202
09/13/2013 14:59:06,1679,1681,1678.75,1680.75,21218,1679.888161,0.000297398
09/13/2013 14:59:58,1680.75,1681.5,1680.25,1681.25,21272,1681.085852,-0.000297486
09/13/2013 15:01:26,1681.25,1681.5,1680.25,1680.75,21170,1680.893966,0.000743163
09/13/2013 15:13:37,1680.75,1682.25,1680.75,1682,21232,1681.552209,0.008254717
09/15/2013 17:00:24,1682,1696.25,1681.75,1696,21121,1688.064521,0.001324893
09/15/2013 17:10:29,1696,1701.5,1695.25,1698.25,20934,1697.682442,0.00220329
09/15/2013 17:42:15,1698.5,1702.5,1698.25,1702,20970,1699.616178,-0.000882094
09/15/2013 18:47:07,1702,1703.75,1700.25,1700.5,20980,1701.77581,-0.000147037
09/15/2013 22:27:06,1700.25,1701,1699,1700.25,20993,1699.820702,-0.000588495
09/16/2013 2:00:11,1700.25,1701,1698.5,1699.25,20981,1699.59312,-0.000588841
09/16/2013 2:37:51,1699.25,1699.25,1697.5,1698.25,20990,1698.211922,0.002056706
09/16/2013 3:24:51,1698.25,1702.5,1698.25,1701.75,20927,1700.480551,-0.000587976
09/16/2013 5:10:18,1702,1702.5,1699.75,1700.75,20984,1701.223313,-0.000588322
09/16/2013 6:41:26,1700.75,1701,1699,1699.75,20943,1699.942129,-0.001030624
09/16/2013 7:45:32,1699.75,1700,1698,1698,20979,1699.049883,0.000588582
09/16/2013 8:15:43,1698,1699.5,1697.5,1699,20973,1698.439065,0.000441241
09/16/2013 8:30:30,1699,1700,1699,1699.75,21013,1699.493516,-0.000883262
09/16/2013 8:32:36,1699.75,1700.5,1698,1698.25,20969,1699.359209,-0.000441826
09/16/2013 8:35:33,1698.25,1698.5,1697.25,1697.5,20969,1697.768563,-0.000884434
09/16/2013 8:37:35,1697.5,1697.5,1696,1696,21039,1696.896347,0
09/16/2013 8:40:29,1696,1696.75,1695.5,1696,20999,1696.223892,-0.000737572
09/16/2013 8:42:05,1696,1696.25,1694.5,1694.75,21030,1695.194306,-0.000295116
09/16/2013 8:44:58,1694.75,1695.75,1694.25,1694.25,21027,1695.150545,0.000442478
09/16/2013 8:48:55,1694.25,1695,1694,1695,21033,1694.520741,0
09/16/2013 8:52:06,1695,1696,1694.75,1695,21030,1695.500297,-0.000738007
09/16/2013 8:56:44,1695,1695.5,1693.5,1693.75,21008,1694.537105,0.000442608
09/16/2013 9:01:32,1693.75,1695.25,1693.5,1694.5,21055,1694.286001,-0.001181684
09/16/2013 9:03:07,1694.5,1695.25,1692,1692.5,21066,1693.276037,0.000295334
09/16/2013 9:05:33,1692.5,1693.75,1691.75,1693,21044,1692.694961,0.000590319
09/16/2013 9:09:22,1693,1694.25,1692.75,1694,21052,1693.69795,0.000589971
09/16/2013 9:16:06,1694,1695.5,1693.25,1695,21017,1694.247431,0.000147471
09/16/2013 9:22:43,1695,1695.75,1694.75,1695.25,21050,1695.246508,-0.000147493
09/16/2013 9:31:01,1695.25,1696,1694.5,1695,21028,1695.431984,0.000147471
09/16/2013 9:36:32,1695,1696.75,1695,1695.25,21012,1695.901128,0.000147449
09/16/2013 9:42:29,1695.5,1696.25,1695,1695.5,20979,1695.696542,0
09/16/2013 9:52:28,1695.5,1696,1694.5,1695.5,21057,1695.156112,-0.000590145
09/16/2013 10:00:29,1695.5,1695.75,1693.75,1694.5,21047,1694.678565,0
09/16/2013 10:05:32,1694.5,1695,1693.75,1694.5,21043,1694.203559,0.000294985
09/16/2013 10:17:29,1694.5,1695.5,1694.25,1695,20941,1694.879889,0.00073692
09/16/2013 10:30:32,1695.25,1696.25,1694.5,1696.25,21079,1695.630592,0.000294681
09/16/2013 10:41:41,1696.25,1697,1695.75,1696.75,21045,1696.264291,0.000147319
09/16/2013 10:59:56,1696.75,1697.25,1696.25,1697,21008,1696.706124,0.000147297
09/16/2013 11:11:17,1697,1697.5,1696.5,1697.25,21002,1696.985739,0.000588841
09/16/2013 11:17:33,1697.25,1698.5,1697,1698.25,20998,1697.572305,-0.000884043
09/16/2013 11:32:20,1698.25,1698.5,1696.5,1696.75,20998,1697.628774,-0.000147362
09/16/2013 11:53:38,1696.75,1697.5,1696.25,1696.5,21004,1696.727028,-0.000589797
09/16/2013 12:07:55,1696.5,1696.75,1695,1695.5,21008,1695.623322,-0.000442543
09/16/2013 12:32:11,1695.5,1695.5,1694.25,1694.75,21036,1695.013275,-0.001181509
09/16/2013 12:42:01,1694.75,1695,1692.5,1692.75,21057,1693.596512,-0.001479071
09/16/2013 12:43:30,1692.75,1693,1690,1690.25,21075,1691.248007,0.001034279
09/16/2013 12:52:38,1690.25,1692.5,1690.25,1692,21069,1691.462362,0.000443066
09/16/2013 13:03:36,1692,1693.25,1691.75,1692.75,21062,1692.715898,0
09/16/2013 13:18:14,1692.75,1693,1691.25,1692.75,21059,1692.142564,-0.000738989
09/16/2013 13:31:11,1692.75,1693.25,1691,1691.5,21069,1692.118776,-0.00044359
09/16/2013 13:36:03,1691.5,1692,1690,1690.75,21079,1690.647683,-0.000591804
09/16/2013 13:42:11,1690.75,1691,1689.25,1689.75,21099,1689.849258,0.000591453
09/16/2013 13:50:54,1689.75,1691.25,1689,1690.75,21089,1690.170326,0
09/16/2013 14:05:14,1690.75,1691.5,1689.75,1690.75,21084,1690.534315,0.000738771
09/16/2013 14:14:54,1691,1692.5,1690.25,1692,21072,1691.570615,-0.000739317
09/16/2013 14:27:22,1692,1692.25,1690.5,1690.75,21073,1691.475822,-0.000295814
09/16/2013 14:34:22,1690.75,1691,1688.75,1690.25,21092,1689.75486,-0.000591979
09/16/2013 14:39:06,1690.25,1690.5,1688.25,1689.25,21100,1689.357073,-0.000740521
09/16/2013 14:43:52,1689.25,1690.5,1688,1688,21073,1689.349381,0.000887837
09/16/2013 14:50:19,1688,1689.75,1688,1689.5,21132,1688.764196,0.000295858
09/16/2013 14:55:52,1689.5,1690.5,1689.25,1690,21095,1689.767611,0.00044359
09/16/2013 14:59:14,1690,1691,1689.5,1690.75,21083,1690.462719,0.000147842
09/16/2013 15:00:05,1690.75,1691.5,1690,1691,21046,1690.690547,-0.000443721
09/16/2013 15:03:42,1691,1691.25,1690,1690.25,21117,1690.587702,0.000738989
09/16/2013 15:11:32,1690.25,1691.5,1689.5,1691.5,20947,1690.38533,-0.001035656
09/16/2013 17:01:55,1691.25,1692.25,1688.75,1689.75,21226,1690.980036,-0.00044405
09/17/2013 0:22:26,1690,1690.75,1688,1689,21097,1689.522799,-0.000444247
09/17/2013 2:56:59,1689,1691.25,1688,1688.25,21097,1689.573518,0
09/17/2013 4:33:51,1688.25,1690.5,1687.75,1688.25,21103,1688.888547,0.000739864
09/17/2013 6:20:32,1688.25,1689.75,1688,1689.5,21105,1689.0439,0.001034738
09/17/2013 7:10:12,1689.5,1691.5,1689.25,1691.25,21078,1690.64546,0.000443262
09/17/2013 7:43:59,1691.25,1692.75,1690.75,1692,21062,1691.730985,0.000147732
09/17/2013 8:07:11,1692,1693.25,1691.5,1692.25,21070,1692.527124,0.000295377
09/17/2013 8:30:05,1692.25,1692.75,1691.75,1692.75,20818,1692.265744,0.000590406
09/17/2013 8:32:28,1692.5,1694,1692.25,1693.75,21302,1693.067904,0.00014758
09/17/2013 8:36:18,1693.75,1694.5,1693.25,1694,21036,1693.905186,0.000147558
09/17/2013 8:41:06,1694,1694.5,1693.5,1694.25,21047,1694.051219,0.000295029
09/17/2013 8:45:45,1694.5,1695.25,1694,1694.75,21034,1694.640463,0.000442347
09/17/2013 8:50:28,1694.75,1695.5,1694.25,1695.5,21018,1694.805809,0.000442152
09/17/2013 8:53:57,1695.5,1696.5,1695.25,1696.25,21024,1695.784473,-0.000589883
09/17/2013 9:01:28,1696.25,1696.5,1694.75,1695.25,21028,1695.56678,0.000589536
09/17/2013 9:07:53,1695.25,1696.25,1695,1696.25,21025,1695.540309,0
09/17/2013 9:12:58,1696.25,1696.5,1695.5,1696.25,21004,1696.087317,0.000441956
09/17/2013 9:20:52,1696.25,1697.25,1696,1697,21009,1696.70916,0
09/17/2013 9:31:47,1697,1697.25,1696.25,1697,21017,1696.805729,-0.000442152
09/17/2013 9:41:09,1697,1697.75,1696.25,1696.25,20957,1696.968328,-0.000147406
09/17/2013 9:51:02,1696.25,1697,1695.75,1696,21054,1696.240228,0
09/17/2013 10:02:33,1696,1696.75,1695.5,1696,21022,1696.158227,-0.000147427
09/17/2013 10:16:08,1696.25,1697,1695.5,1695.75,21010,1696.310971,0.000736594
09/17/2013 10:31:23,1695.75,1697.25,1695.75,1697,21007,1696.532251,-0.000442152
09/17/2013 10:47:21,1697,1697,1695.5,1696.25,21013,1696.123959,-0.000147406
09/17/2013 11:14:48,1696.25,1696.75,1695.5,1696,21001,1696.165064,0.000442022
09/17/2013 11:48:55,1696,1697,1695.75,1696.75,21028,1696.511925,0.001030321
09/17/2013 12:03:32,1696.75,1698.5,1696.5,1698.5,21000,1697.69606,-0.000883913
09/17/2013 12:20:06,1698.5,1698.5,1697,1697,20994,1697.738735,0.000588928
09/17/2013 12:55:57,1697,1698.25,1697,1698,20998,1697.617535,-0.000294551
09/17/2013 13:18:57,1698,1698.75,1697.5,1697.5,20990,1698.133516,0.000441631
09/17/2013 13:37:37,1697.5,1698.5,1697.25,1698.25,20992,1697.846477,-0.000294507
09/17/2013 14:00:43,1698.25,1698.5,1697.5,1697.75,20991,1698.058454,0.000294421
09/17/2013 14:22:26,1697.75,1698.25,1697.5,1698.25,20943,1697.919854,-0.000589188
09/17/2013 14:32:42,1698.25,1698.25,1697.25,1697.25,21046,1697.783866,-0.000147319
09/17/2013 14:42:56,1697.25,1697.5,1696.5,1697,20984,1697.011616,0.000147297
09/17/2013 14:51:38,1697,1698,1696.75,1697.25,20570,1697.524733,0.000294507
09/17/2013 14:58:28,1697.25,1697.75,1697,1697.75,21449,1697.301937,0.000147232
09/17/2013 14:59:59,1697.75,1698.25,1697.5,1698,20944,1697.9359,0
09/17/2013 15:01:51,1698,1698.5,1697.5,1698,21036,1697.958012,-0.000147254
09/17/2013 15:11:38,1698,1698.25,1697.5,1697.75,20908,1697.893271,0.000735727
09/17/2013 15:38:32,1698,1699.5,1697.75,1699,21076,1698.453312,0.001028958
09/17/2013 21:18:54,1699,1700.75,1698.25,1700.75,20970,1699.43288,-0.001177336
09/18/2013 2:24:20,1700.75,1701,1698.25,1698.75,20965,1699.424922,0.001175952
09/18/2013 3:59:13,1698.75,1700.75,1698,1700.75,20985,1699.642816,-0.000147016
09/18/2013 5:14:54,1700.75,1701.75,1699.75,1700.5,20956,1700.672719,-0.000735619
09/18/2013 6:56:30,1700.25,1700.75,1699.25,1699.25,20973,1699.853109,-0.000294334
09/18/2013 7:28:58,1699.25,1700.25,1698.75,1698.75,20968,1699.540836,-0.000589015
09/18/2013 8:12:02,1698.75,1699.5,1697.75,1697.75,20988,1698.685487,0
09/18/2013 8:30:06,1697.75,1698.5,1697.25,1697.75,20983,1697.81018,-0.000294594
09/18/2013 8:33:14,1697.75,1698.75,1697,1697.25,21001,1697.960085,0.000735943
09/18/2013 8:38:15,1697.25,1698.75,1697,1698.5,20986,1697.904353,-0.000294464
09/18/2013 8:43:59,1698.5,1698.5,1697,1698,21000,1697.916405,0.00014721
09/18/2013 8:51:47,1698,1698.75,1697.25,1698.25,20993,1698.084623,-0.000147232
09/18/2013 8:59:34,1698.25,1699,1697.5,1698,20988,1698.380408,0.000441501
09/18/2013 9:05:58,1698,1698.75,1697.25,1698.75,20986,1697.94619,-0.000147189
09/18/2013 9:14:32,1698.75,1699.25,1698.25,1698.5,20987,1698.794492,-0.000883913
09/18/2013 9:23:31,1698.5,1698.75,1697,1697,20995,1697.875804,-0.000737137
09/18/2013 9:28:30,1697,1697.25,1695.5,1695.75,21007,1696.453158,0
09/18/2013 9:34:49,1695.75,1696.25,1695,1695.75,21005,1695.620328,0.000147406
09/18/2013 9:42:19,1695.75,1696.5,1695,1696,21037,1695.72344,-0.000442413
09/18/2013 9:50:03,1696,1696,1694.5,1695.25,21026,1695.234686,0.000442217
09/18/2013 10:01:40,1695.25,1696.25,1695,1696,20883,1695.709177,-0.000294898
09/18/2013 10:16:15,1696,1696.5,1695.5,1695.5,21157,1695.965272,0.000147427
09/18/2013 10:31:45,1695.5,1696,1695,1695.75,21020,1695.573478,-0.000590058
09/18/2013 10:43:18,1695.75,1696.25,1694.5,1694.75,21017,1695.476912,0.000147493
09/18/2013 10:52:13,1694.75,1695.5,1694,1695,21037,1694.748087,-0.000590319
09/18/2013 11:03:27,1695,1695.5,1693.75,1694,21040,1694.370853,0
09/18/2013 11:18:02,1694,1694.75,1693.5,1694,21039,1694.063727,-0.000147601
09/18/2013 11:26:11,1694,1694.5,1693.25,1693.75,21045,1693.911321,0.000442608
09/18/2013 11:49:34,1693.75,1694.75,1693.5,1694.5,21040,1694.165245,0.000442413
09/18/2013 12:07:56,1694.5,1695.75,1694.5,1695.25,21026,1695.124477,0.000442217
09/18/2013 12:20:57,1695.25,1696.5,1695,1696,21020,1695.873513,0.000442022
09/18/2013 12:29:44,1696,1697.5,1696,1696.75,21004,1696.823462,-0.000442217
09/18/2013 12:48:34,1696.75,1697.25,1695.5,1696,21008,1696.154251,0.002352941
09/18/2013 13:00:00,1696,1700,1695,1700,21017,1696.593068,0.003663004
09/18/2013 13:00:14,1700,1706.5,1698.5,1706.25,20930,1703.113043,0.001755156
09/18/2013 13:00:36,1706.25,1709.5,1705.25,1709.25,20874,1707.622844,0.001460494
09/18/2013 13:01:01,1709.25,1713,1708.75,1711.75,20825,1710.804274,-0.000584539
09/18/2013 13:01:25,1711.75,1712,1710,1710.75,20841,1710.989132,-0.000438596
09/18/2013 13:02:00,1710.75,1711,1708.75,1710,20836,1709.962205,0.001022346
09/18/2013 13:02:48,1710,1711.75,1710,1711.75,20808,1711.271758,-0.002929544
09/18/2013 13:04:03,1711.5,1712,1706.5,1706.75,20884,1709.36115,-0.000146499
09/18/2013 13:05:24,1706.75,1708.25,1706.25,1706.5,20861,1707.278115,0.001900863
09/18/2013 13:06:42,1706.5,1710,1706,1709.75,20884,1708.136013,-0.000438853
09/18/2013 13:08:03,1709.75,1710.5,1708.5,1709,20818,1709.43807,0.000438661
09/18/2013 13:09:38,1709,1710,1707.75,1709.75,20893,1708.746482,0.001314252
09/18/2013 13:10:43,1709.75,1712,1709.5,1712,20815,1710.963752,0.000729607
09/18/2013 13:11:30,1712,1714,1711.5,1713.25,20822,1712.705816,0.000874763
09/18/2013 13:12:06,1713.25,1715.5,1713.25,1714.75,20797,1714.501406,-0.000583516
09/18/2013 13:13:01,1714.75,1715.5,1713.5,1713.75,20783,1714.358165,-0.000437828
09/18/2013 13:14:29,1714,1714,1712.75,1713,20814,1713.30172,0.000729182
09/18/2013 13:15:59,1713,1714.25,1711.75,1714.25,20801,1712.82085,-0.001021898
09/18/2013 13:18:20,1714.25,1714.25,1712,1712.5,20806,1712.968254,0.000875146
09/18/2013 13:21:04,1712.5,1714,1712,1714,20815,1712.911026,0.001019962
09/18/2013 13:22:15,1714,1716,1713,1715.75,20784,1714.828799,0.000436936
09/18/2013 13:23:51,1715.75,1717,1715.25,1716.5,20755,1716.198073,-0.000437127
09/18/2013 13:26:38,1716.5,1717,1715.5,1715.75,20789,1716.325184,-0.000875018
09/18/2013 13:29:00,1715.75,1716.25,1713.75,1714.25,20782,1714.824283,-0.000291758
09/18/2013 13:31:56,1714.25,1714.75,1712.75,1713.75,20802,1713.767763,-0.000291843
09/18/2013 13:34:28,1713.75,1714.25,1712,1713.25,20776,1713.023067,0
09/18/2013 13:37:59,1713.25,1714.5,1713,1713.25,20767,1713.777134,0.000583345
09/18/2013 13:41:41,1713.25,1715.25,1712.5,1714.25,20861,1713.878829,0.000437318
09/18/2013 13:45:36,1714.25,1716,1714.25,1715,20783,1715.199394,0.000873871
09/18/2013 13:48:20,1715,1717.25,1714.75,1716.5,20762,1715.883357,0.000727696
09/18/2013 13:50:48,1716.5,1718.25,1715.25,1717.75,20769,1716.966537,0.001017738
09/18/2013 13:54:30,1717.75,1719.5,1717.5,1719.5,20742,1718.391476,0.00014537
09/18/2013 13:57:20,1719.5,1720,1718.5,1719.75,20732,1719.301056,0.001161609
09/18/2013 13:59:02,1719.75,1721.75,1719.75,1721.75,20715,1720.870951,0.000725479
09/18/2013 14:00:06,1721.75,1723,1721,1723,20692,1721.907017,-0.000726006
09/18/2013 14:01:49,1723,1723.25,1721.25,1721.75,20708,1721.930812,0.00014518
09/18/2013 14:04:46,1721.75,1723,1721.5,1722,20664,1722.394878,-0.000581058
09/18/2013 14:07:40,1722,1722.25,1720.25,1721,20738,1721.035502,-0.000581395
09/18/2013 14:11:54,1721,1721.5,1719.75,1720,20714,1720.617022,-0.000436237
09/18/2013 14:15:47,1720,1721,1719.25,1719.25,20730,1719.936843,-0.000581987
09/18/2013 14:19:15,1719.5,1720,1718,1718.25,20703,1718.970922,-0.000291078
09/18/2013 14:22:45,1718.25,1718.5,1717.5,1717.75,20782,1717.882711,0.000145518
09/18/2013 14:26:47,1717.75,1719,1717.75,1718,20742,1718.464528,-0.000582411
09/18/2013 14:29:37,1718,1718.75,1716.75,1717,20424,1717.775644,0.000291121
09/18/2013 14:31:49,1717,1718.5,1716.75,1717.5,21051,1717.736556,0.000145539
09/18/2013 14:35:19,1717.5,1718,1716.75,1717.75,20778,1717.370825,0.000872473
09/18/2013 14:39:27,1717.75,1719.25,1717,1719.25,20751,1718.018047,-0.000145433
09/18/2013 14:43:40,1719.25,1719.75,1718.75,1719,20733,1719.169368,-0.000290951
09/18/2013 14:48:15,1719,1719.25,1718,1718.5,20740,1718.654641,-0.000436618
09/18/2013 14:52:37,1718.5,1719.25,1717.75,1717.75,20741,1718.496697,-0.000436808
09/18/2013 14:55:23,1717.75,1718,1716.25,1717,20737,1717.154603,0.000582072
09/18/2013 14:58:23,1717,1718.25,1716.75,1718,20775,1717.401179,0.000290951
09/18/2013 14:59:42,1718,1718.5,1717.75,1718.5,20462,1718.126148,0
09/18/2013 14:59:59,1718.5,1718.75,1718,1718.5,21029,1718.316087,0.000145455
09/18/2013 15:00:07,1718.5,1719.25,1718.25,1718.75,20723,1718.751846,-0.000582157
09/18/2013 15:00:46,1718.75,1719,1717.5,1717.75,20756,1718.353837,0
09/18/2013 15:03:01,1717.75,1718.25,1717.25,1717.75,20744,1717.759099,0
09/18/2013 15:08:28,1717.75,1718.25,1717.5,1717.75,20755,1717.872862,0.000145518
09/18/2013 15:14:33,1717.75,1718.25,1717.25,1718,20753,1717.706946,0.000436364
09/18/2013 17:29:55,1718,1719.5,1717.5,1718.75,20743,1718.330244,0.000290824
09/18/2013 20:49:51,1718.75,1720.5,1718.25,1719.25,20722,1719.242158,0.000726533
09/19/2013 0:57:39,1719.25,1720.75,1718.75,1720.5,20724,1719.768939,0.000145285
09/19/2013 2:06:44,1720.5,1721.25,1719,1720.75,20730,1720.496937,0.000870954
09/19/2013 2:34:36,1720.75,1722.25,1720.5,1722.25,20711,1721.044493,0.000435287
09/19/2013 3:05:13,1722.25,1723.75,1721.75,1723,20692,1722.71315,0.000290107
09/19/2013 4:01:36,1723,1723.75,1722.25,1723.5,20690,1722.808809,0.001303781
09/19/2013 4:32:07,1723.5,1726,1723.25,1725.75,20660,1724.514218,-0.000144886
09/19/2013 5:10:11,1725.75,1726.75,1725,1725.5,20661,1725.882387,-0.00087007
09/19/2013 6:12:02,1725.5,1726.5,1724,1724,20658,1725.4867,-0.000725584
09/19/2013 7:07:40,1724,1724.5,1721.75,1722.75,20687,1723.051506,-0.000580804
09/19/2013 7:33:07,1722.5,1722.75,1721.25,1721.75,20700,1721.896969,-0.000145222
09/19/2013 7:51:44,1721.75,1723,1721,1721.5,20698,1722.199899,0.000435477
09/19/2013 8:18:49,1721.5,1722.75,1721.25,1722.25,20675,1722.111439,0.000435287
09/19/2013 8:30:17,1722.25,1723.5,1722.25,1723,20709,1722.925805,0
09/19/2013 8:33:45,1723,1723.25,1722.5,1723,20689,1722.896805,0.000145075
09/19/2013 8:36:27,1723,1723.75,1722.75,1723.25,20687,1723.131339,-0.001161946
09/19/2013 8:39:05,1723.25,1723.5,1721,1721.25,20697,1722.228089,-0.000290571
09/19/2013 8:41:21,1721.25,1721.5,1720.25,1720.75,20712,1720.779343,-0.000726956
09/19/2013 8:43:49,1720.75,1721.25,1719.5,1719.5,20684,1720.575409,0.000581226
09/19/2013 8:45:47,1719.5,1720.75,1719.25,1720.5,20751,1719.864814,-0.00043611
09/19/2013 8:47:48,1720.5,1721,1719,1719.75,20728,1719.961767,-0.000581818
09/19/2013 8:51:07,1719.75,1720,1718.75,1718.75,20728,1719.506344,0.000145433
09/19/2013 8:52:58,1718.75,1719.25,1718.25,1719,20737,1718.795559,0.000726639
09/19/2013 8:56:19,1719,1720.25,1718.75,1720.25,20733,1719.36472,0.000871207
09/19/2013 8:59:57,1720.25,1722.25,1720,1721.75,20716,1720.854183,0
09/19/2013 9:02:12,1721.75,1722.25,1720.5,1721.75,20693,1721.451421,0.00014518
09/19/2013 9:05:15,1721.75,1722.75,1721.25,1722,20704,1722.028859,-0.00087184
09/19/2013 9:07:48,1722,1722,1720,1720.5,20715,1720.717198,-0.00043611
09/19/2013 9:09:51,1720.5,1720.5,1718.75,1719.75,20734,1719.437229,0.000145349
09/19/2013 9:13:00,1719.75,1720.5,1719.25,1720,20728,1719.879631,-0.000872854
09/19/2013 9:16:40,1720,1720,1718.5,1718.5,20692,1718.927339,0
09/19/2013 9:20:14,1718.75,1718.75,1717.75,1718.5,20781,1718.268166,0.000872093
09/19/2013 9:23:48,1718.5,1720.25,1718.5,1720,20737,1719.361492,0.000290613
09/19/2013 9:26:07,1720,1721,1720,1720.5,20714,1720.580368,-0.000581564
09/19/2013 9:31:44,1720.5,1721,1719.5,1719.5,20688,1720.289093,-0.000581903
09/19/2013 9:36:30,1719.5,1719.75,1718.25,1718.5,20771,1718.982849,0.000872093
09/19/2013 9:43:12,1718.5,1720.25,1718.25,1720,20733,1719.493151,-0.000290782
09/19/2013 9:50:11,1720,1720.5,1719.25,1719.5,20725,1719.842111,0.00014537
09/19/2013 9:59:37,1719.5,1720,1718.75,1719.75,20717,1719.424229,-0.000581818
09/19/2013 10:08:05,1719.75,1720,1718.75,1718.75,20739,1719.413954,-0.000582157
09/19/2013 10:12:25,1718.75,1718.75,1717.5,1717.75,20751,1718.064491,0.000727167
09/19/2013 10:19:30,1718,1719,1717.5,1719,20746,1718.135833,-0.000290951
09/19/2013 10:28:11,1719,1719.5,1718,1718.5,20724,1718.718141,-0.000873617
09/19/2013 10:32:13,1718.5,1718.75,1717,1717,20667,1717.977972,-0.000582751
09/19/2013 10:33:43,1717,1717.25,1716,1716,20763,1716.678081,0.000582411
09/19/2013 10:35:41,1716,1717,1715.5,1717,20866,1716.200589,0.000145582
09/19/2013 10:43:58,1717,1717.75,1716.5,1717.25,20732,1717.026927,-0.000291248
09/19/2013 10:53:38,1717.25,1717.5,1716.25,1716.75,20781,1716.906453,0.000582157
09/19/2013 11:03:16,1716.75,1718,1716.25,1717.75,20766,1716.940456,0.000436427
09/19/2013 11:09:12,1717.75,1718.75,1717.5,1718.5,20743,1718.188521,-0.000436618
09/19/2013 11:22:35,1718.5,1718.75,1717.5,1717.75,20750,1718.042554,-0.00014556
09/19/2013 11:38:28,1717.75,1718.25,1717,1717.5,20700,1717.730592,-0.000436872
09/19/2013 11:56:59,1717.5,1717.75,1716.5,1716.75,20811,1717.053325,-0.000582835
09/19/2013 12:06:00,1716.75,1717,1715.5,1715.75,20766,1716.173842,-0.000583175
09/19/2013 12:09:15,1715.75,1716,1714.5,1714.75,20780,1715.056304,0.000291503
09/19/2013 12:15:35,1714.75,1715.5,1714,1715.25,20791,1714.705041,0.000291418
09/19/2013 12:30:00,1715.25,1716.5,1715,1715.75,20380,1715.951681,-0.00014573
09/19/2013 12:39:25,1715.75,1715.75,1714.5,1715.5,21174,1715.185983,-0.00058326
09/19/2013 12:52:18,1715.5,1716,1714.5,1714.5,20745,1715.114738,-0.000437637
09/19/2013 13:00:49,1714.5,1714.75,1713.5,1713.75,20836,1713.996172,0.000728863
09/19/2013 13:10:30,1713.75,1715,1713.25,1715,20794,1714.123653,0.000582751
09/19/2013 13:20:26,1715,1716.5,1714.75,1716,20778,1715.586077,-0.001020855
09/19/2013 13:32:38,1716,1716.25,1714.25,1714.25,20770,1715.317802,0.000583005
09/19/2013 13:49:11,1714.25,1715.5,1713.75,1715.25,20779,1714.571358,0.000437063
09/19/2013 14:04:00,1715.5,1716.25,1714.75,1716,20792,1715.490273,0
09/19/2013 14:12:55,1716,1716.75,1715.75,1716,20776,1716.137551,0.000727908
09/19/2013 14:23:24,1716,1717.25,1715.75,1717.25,20755,1716.568176,-0.000582666
09/19/2013 14:27:36,1717.25,1717.5,1716,1716.25,20771,1716.723749,-0.000145688
09/19/2013 14:41:18,1716.25,1716.75,1715.75,1716,20704,1716.195083,-0.000145709
09/19/2013 14:49:09,1716.25,1717,1715.75,1715.75,20833,1716.427195,-0.000291503
09/19/2013 14:54:23,1715.75,1716.5,1715.25,1715.25,20760,1715.924277,-0.000145773
09/19/2013 14:57:11,1715.25,1715.75,1714.75,1715,20788,1715.156268,0.000145751
09/19/2013 14:59:50,1714.75,1715.75,1714.5,1715.25,20784,1715.297368,0.00014573
09/19/2013 15:00:04,1715.25,1716,1715,1715.5,20779,1715.557594,0.000145709
09/19/2013 15:02:09,1715.5,1716,1715,1715.75,20738,1715.463039,0.000728014
09/19/2013 15:09:39,1715.75,1717,1715.5,1717,20803,1716.238175,0
09/19/2013 15:35:56,1717,1717.75,1716.5,1717,20746,1717.304745,-0.000874381
09/19/2013 22:00:08,1717,1717.5,1714.25,1715.5,20786,1716.125565,0.000145709
09/20/2013 2:34:15,1715.5,1716.25,1714.5,1715.75,20780,1715.424338,0.000436936
09/20/2013 4:07:11,1715.75,1717.5,1715.25,1716.5,20764,1716.644698,0.000291206
09/20/2013 5:48:36,1716.5,1717.5,1716,1717,20762,1716.820598,0.000291121
09/20/2013 6:48:01,1717,1718.5,1717,1717.5,20744,1717.811319,-0.001311762
09/20/2013 7:08:19,1717.25,1717.5,1714.5,1715.25,20775,1715.709795,-0.000583345
09/20/2013 7:21:57,1715.25,1715.5,1713.75,1714.25,20795,1714.566795,0.000728651
09/20/2013 7:34:48,1714.5,1716,1714,1715.5,20784,1714.820752,0.000145709
09/20/2013 7:53:32,1715.5,1716,1714,1715.75,20786,1715.001359,0.000582496
09/20/2013 8:14:47,1715.75,1717,1715.25,1716.75,20630,1716.113488,0.001163636
09/20/2013 8:21:07,1717,1719,1717,1718.75,20879,1718.243905,0.000145433
09/20/2013 8:28:22,1718.75,1719.25,1718,1719,20739,1718.740453,-0.000436491
09/20/2013 8:30:07,1719,1719.5,1718.25,1718.25,20648,1718.870302,-0.000582326
09/20/2013 8:32:24,1718.25,1718.5,1717,1717.25,20844,1717.543382,-0.000436936
09/20/2013 8:35:00,1717.25,1717.75,1716.5,1716.5,20760,1717.221014,0.000582242
09/20/2013 8:37:51,1716.5,1717.75,1716.25,1717.5,20749,1716.910948,-0.000291206
09/20/2013 8:41:29,1717.5,1718,1716.25,1717,20726,1717.205382,-0.000582751
09/20/2013 8:46:32,1717,1717.25,1715.75,1716,20763,1716.526321,-0.00029146
09/20/2013 8:50:26,1716,1716.25,1715.25,1715.5,20822,1715.582425,0.000291375
09/20/2013 8:54:18,1715.5,1716.5,1715.25,1716,20766,1716.115261,-0.001166861
09/20/2013 8:57:23,1716,1716,1714,1714,20789,1714.930468,0
09/20/2013 8:58:32,1714,1714.25,1713,1714,20796,1713.576565,0.00058309
09/20/2013 9:02:30,1714,1715,1713.75,1715,20783,1714.451691,-0.00102145
09/20/2013 9:06:20,1715,1715.25,1713,1713.25,20808,1714.074539,-0.000291928
09/20/2013 9:11:34,1713.25,1714.25,1712.75,1712.75,20801,1713.578277,0
09/20/2013 9:13:15,1712.75,1712.75,1711.75,1712.75,20815,1712.27037,0.000291843
09/20/2013 9:19:22,1712.75,1713.75,1712.5,1713.25,20759,1713.230514,0.000729076
09/20/2013 9:25:26,1713.25,1714.75,1713,1714.5,20839,1713.803889,-0.000145836
09/20/2013 9:33:16,1714.5,1714.75,1713.5,1714.25,20800,1714.041587,0.000437318
09/20/2013 9:41:13,1714.25,1715.25,1714,1715,20788,1714.785489,-0.000583431
09/20/2013 9:47:27,1715,1715.75,1714,1714,20763,1715.09169,0.00058309
09/20/2013 9:51:57,1714,1715.25,1713.75,1715,20805,1714.627397,-0.000875401
09/20/2013 9:57:34,1715,1715.25,1713.25,1713.5,20797,1714.195305,0.000437509
09/20/2013 10:06:02,1713.5,1715.25,1713.25,1714.25,20768,1714.332627,-0.001168054
09/20/2013 10:14:08,1714.25,1714.5,1712.25,1712.25,20828,1713.413686,0
09/20/2013 10:21:22,1712.25,1713,1712,1712.25,20807,1712.562851,-0.000584368
09/20/2013 10:24:54,1712.25,1712.5,1711,1711.25,20824,1711.58531,0.000584027
09/20/2013 10:30:29,1711.25,1712.5,1711,1712.25,20823,1711.631141,-0.000292099
09/20/2013 10:36:45,1712.5,1713,1711,1711.75,20828,1712.173384,-0.00073078
09/20/2013 10:41:56,1711.75,1712,1710.5,1710.5,20819,1711.127576,0.000146135
09/20/2013 10:47:53,1710.5,1711,1709.75,1710.75,20851,1710.393902,-0.000731208
09/20/2013 10:56:49,1710.75,1711,1709.25,1709.5,20842,1710.244614,-0.000731743
09/20/2013 10:59:49,1709.5,1709.75,1707.75,1708.25,20852,1708.80587,0.000438853
09/20/2013 11:04:49,1708.25,1709.25,1708,1709,20854,1708.632241,-0.000146306
09/20/2013 11:17:32,1709,1710,1708.25,1708.75,20861,1709.310124,-0.00102519
09/20/2013 11:24:23,1708.75,1709,1706.75,1707,20876,1707.904663,0
09/20/2013 11:28:48,1707,1708.25,1706.75,1707,20874,1707.32974,0.00058548
09/20/2013 11:38:30,1707,1708.5,1706.75,1708,20880,1707.419325,0.000731315
09/20/2013 11:47:38,1708,1709.75,1707.75,1709.25,20856,1708.802455,0
09/20/2013 12:01:58,1709.25,1710,1709,1709.25,20841,1709.514239,-0.00073185
09/20/2013 12:13:29,1709.25,1709.5,1707.5,1708,20873,1708.615472,-0.000292826
09/20/2013 12:21:05,1708,1708,1706.25,1707.5,20849,1707.211041,0.00029274
09/20/2013 12:30:56,1707.5,1708,1706,1708,20912,1707.037012,-0.001319068
09/20/2013 12:41:48,1708,1708.25,1705.5,1705.75,20879,1706.770284,0.00029304
09/20/2013 12:48:06,1705.75,1706.5,1705.25,1706.25,20883,1705.80441,-0.000879894
09/20/2013 13:00:52,1706.25,1707.25,1704.75,1704.75,20909,1706.154132,0.000439754
09/20/2013 13:04:23,1704.75,1705.5,1704.25,1705.5,20907,1704.910401,-0.000293255
09/20/2013 13:17:31,1705.5,1705.75,1704.5,1705,20897,1705.134278,0.001171646
09/20/2013 13:27:59,1705,1707.25,1704.75,1707,20890,1706.017173,-0.001173021
09/20/2013 13:39:28,1707,1707.25,1705,1705,20884,1706.374401,-0.000293341
09/20/2013 13:44:41,1705,1706,1704,1704.5,20922,1704.912437,0.00087925
09/20/2013 13:56:20,1704.5,1706.25,1704.25,1706,20896,1705.559676,0.00014652
09/20/2013 14:06:46,1706,1707,1705.75,1706.25,20876,1706.387335,-0.000439754
09/20/2013 14:13:47,1706.25,1706.75,1704.75,1705.5,20911,1705.619829,-0.000293255
09/20/2013 14:21:51,1705.5,1706,1704.5,1705,20875,1705.285281,-0.000733676
09/20/2013 14:24:41,1705,1705,1703.25,1703.75,20944,1704.043175,-0.000293556
09/20/2013 14:29:12,1703.75,1704.25,1702.5,1703.25,20839,1703.538797,-0.000440529
09/20/2013 14:34:14,1703.25,1703.25,1702,1702.5,21022,1702.718307,0.0002936
09/20/2013 14:36:40,1702.5,1703.25,1701.25,1703,20933,1702.209788,0.000586854
09/20/2013 14:41:02,1703,1704.25,1702.75,1704,20904,1703.714098,-0.000587199
09/20/2013 14:47:09,1704,1704.75,1702.75,1703,20939,1704.111765,0.000293513
09/20/2013 14:51:35,1702.75,1703.75,1702,1703.5,20920,1702.734405,0.000146735
09/20/2013 14:55:40,1703.5,1704.25,1703,1703.75,20937,1703.612886,-0.000293556
09/20/2013 14:58:29,1703.75,1704.25,1703.25,1703.25,20914,1703.936849,-0.000293643
09/20/2013 14:59:36,1703.25,1703.5,1702.25,1702.75,20927,1702.895924,-0.000293729
09/20/2013 14:59:58,1702.75,1703.25,1702.25,1702.25,20943,1702.786241,-0.000146886
09/20/2013 15:00:01,1702.25,1703,1702,1702,20922,1702.638825,0.000440464
09/20/2013 15:00:16,1702,1703.25,1701.5,1702.75,20941,1702.595614,-0.00058763
09/20/2013 15:01:41,1702.75,1703.25,1701.5,1701.75,20909,1702.281207,0
09/20/2013 15:04:10,1701.75,1702.25,1701.25,1701.75,20937,1701.680625,0.000440529
09/20/2013 15:07:58,1701.75,1703,1701.75,1702.5,20912,1702.459772,0
09/20/2013 15:14:25,1702.5,1703.25,1702.25,1702.5,21001,1702.908207,0.000733676
09/20/2013 16:14:59,1702.5,1704.75,1702,1703.75,20526,1703.318632,#DIV/0!
,,,,,,kurtosis,16.08953732